text,risk_level,_has_emoji,_char_count,_word_count,_vader_compound
"I keep getting nagging thoughts telling me to kill myselfWhenever I get bored I keep getting intrusive thoughts that wonât shut up, they keep repeating phrases telling me specific ways to either damage or kill myself and I try to distract myself but nothing is fun and Iâm constantly bored so I have nothing to focus on except the nagging thoughts and I know my life isnât going to get better so I donât know why I resist the urges but Iâm scared I think and Iâm probably just doing it for attention anyway because Iâm manipulative and toxic and I know it will hurt people if I kill myself and Iâll say I donât want that but I donât trust myself",high risk,False,665,122,-0.9769
"Just looking for advice based on your personal experiencesWithin the last week I've been hearing a voice, which isn't mine, in my head.  It started and he remained subtle, but it's almost like it responds to my own thoughts.  It addresses me as ""you"".  

I've been depressed for a while and have been actively working to address it, but this is new and I haven't ever heard or felt like this before.  My GP is my doctor who prescribes my anti anxiety meds, however half the time she is googling them. 

I am hoping to find honest advice on where I go from here.  I love my family so much, without them I would have killed myself ages ago.  But now it's not just me, it is something else inside of me encouraging me to take action.  It's new, foreign, and I am unsure of how to deal with it.",low risk,False,790,150,0.885
"Is there a painless way?I'm so done, everytime I post it gets ignored just give me some advice, drowning? anything c'mon.",no risk,False,121,21,-0.1179
Does anyone want to help me with my statement for the ethnic studies committee? I have to write a 250 word statement to join the ethnic studies committee. the goal of this advisory committee is to develop an integration plan and curriculum for Ethnic Studies in our school district.,no risk,False,282,49,0.6369
"what is up with you guys?? obama was NOT a good president 
lol click bait. 

guys. I want to talk philosophy. please leave if you are pessimistic. Iâm not talking negative philosophies (I really like nihilism) but Iâm optimistic about it. So please keep it optimistic, just saying this because Iâm on the edge of getting depressed I think. 

feel free to ask me questions. feel free to make statements. engage in a thread with me",low risk,False,435,76,0.9676
"Guys, milk tastes lit But the shit-taking process is disgusting...",no risk,False,66,10,-0.6808
"December 26th or 27th is the end for me.I just wanted to say good luck to everyone on their struggle with happiness. iâve sadly given up long ago. failed my first suicide attempt, but this time i have two things to guarantee my death. 
i hate writing about my own shit, so iâm not gonna rant on here. 
but if anyone else will be all alone on christmas day and would like to talk, iâm here :)
just waiting until the days after christmas so i donât ruin anyoneâs day. iâm hoping the other side is peaceful and utter bliss. if not, then iâll feel the same amount of pain iâm in now. 

best of luck to you all,

much love x",high risk,False,635,122,0.8846
"Am go sleep sleep Good night all my lads and lasses.

And remember: Be horny, and the jews control the world",no risk,False,108,21,0.4404
"Why I can't just talk about suicide?I mean... It's obvious. But I just with I could tell people as a ""warning"" so they can prepare themselves. I don't want attention at all, for real! I know that losing someone hurts and have the knowledge that the person's not gonna be there soon may allow you to not suffer so much or not be surprised.
Like, when people have some deadly disease the doctor warn the family. Why can't I tell them?

Maybe you're thinking that I want to say that bc I want them to treat me better or just get more attention, but honestly, the thing is that I don't wanna die in vain (though I'm going to) and perhaps the ones that'll stick around learn something or try to be better ppl. 

I've been planning my death for 3/4 years now, and I feel like I lived enough. Went to therapy for a month or so and didn't really helped (my parents don't like the thought that I may not be healthy, so they just avoid it). I'll die in December 2021 if I make it through this year.

Don't feel pity, don't feel pain, don't feel anything. It's not like I'm the only one who's gonna leave, I'm not important and don't wanna be. Didn't have a good life but wasn't that bad too. The only thing that I don't like about it is that there are so many ppl in way worst situations than me and they're still trying.

I'm just tired, haven't done my best and ain't ready to live like a real adult, so f*ck it.

(Sorry if I made any grammatical mistakes, English is not my main language).

Thank you for reading too.",high risk,False,1510,290,-0.9781
"I'm the worst person everAll I do is hurt myself and others around me. I'm hopelessly addicted to drugs. I have no job. My personality is shit. My mind is shit. My body is shit. I probably won't go through with it, but I wanted to vent anyways.",medium risk,False,244,48,-0.9072
"Feeling worthless,lonely and I want to die.Hi there.

I'm not good with words so I'll try and keep it short.

My family doesn't like me at all (they consider me a disappointment and are on the verge of kicking me out.),There's nothing I'm good at, and in general I'm just a worthless fuck up who doesn't deserve any love.

I don't see myself living much longer (not past January anyway though no date planed.)

If anyone wants to talk about it I'll try and respond soon though I don't expect anyone to.)",high risk,False,503,92,-0.9606
"He hates me and gaslights meHe wants me to think that I'm delusional. All I need when I cry is to be held. I have never been held when I cry, not even as a baby. Yet, the most important thing to him to do is to break it down and point out all of the reasons I'm wrong for crying. And then call me delusional when I try to explain my feelings. 

I'm suicidal and it's too much for my husband to deal with. He doesn't want to help me. He doesn't love me. I am utter fucking garbage to him. And I have no one else. Neither my mother nor my father wanted me.

The only person I stay for is my 6 year old, whom I cannot confide in. I have zero emotional support. I just helped my husband get through his cancer treatments, kicked out my toxic mother, and now I am delusional trash.

I don't know if even my child can keep me here. Who wants a mother that is delusional trash.",low risk,False,870,177,-0.9795
"Everyday is the fucking same. And i dont even know how to feel about it Its like life is a mess
But a mess that repeats itself over and over
This was real even before quarantine and shit, i dont really do anything interesting, i will probably feel this way forever but idk im not like sad or something, im just.... i dont feel much anymore, i dont feel really happy or sad, i feel numb, its hard to get out of bed.

Music is the only thing that made me go trough this boring ass life, sometimes i have just, scary thoughts and sometimes i think about ending it all, music kinda silences this thought",low risk,False,599,116,-0.9851
"I have 2 best friends who started dating now they are banking me and Idk if its because I'm annoying or they're just wrapped up in their own world. They both used to talk to me every day and then they started going out Christmas time and spoke to me a few times a week outside of school. They had huge arguments and broke up about 10 times in 3 months and I always mediated and got them talking.

Then lockdown started, I'll speak to one of them twice a month for about a half hour convo then they'll just not respond, idk whether it's because I'm annoying or they've just got stuff going on. Plus they'll only ever respond if it's about them or their SO.Which is annoying

The other will take 3 or 4 days to reply and then take another day to respond. I've got these people through so much, listened and supported them and then they just ignore me for sometimes weeks on end. They both have problems in their lives so I don't want to push it and ask just to find out they're nursing injuries from parents and seem evil.

I'm a bit of a loner anyway but I'll see them post videos with each other or their other friends (I'm still shielding) and then I'll feel really inadequate, idk I just feel really bad. One every so often says they miss me and takes a week to reply with a ""lol"".
I'm really not emotional the only reason I made this post is because I'm so tired I just feel like I'm a massive burden even though I've never shared any of my problems with them and I've always supported them

Thanks for coming to my depressing ted talk",medium risk,False,1538,296,-0.962
"I really hate everythingI hate my life.
I hate myself.
I hate the world.
I hate everybody living in this world.
I hate my friends.
I hate my dog.
I just hate life so much.
I really don't care about how my family and friends will react to my suicide because when you're dead, you don't give any fucks.

I didn't use to be this way. It may be just my hormones being imbalanced because I just got on birth control. *sigh*",high risk,False,418,82,-0.9882
"I hope this is okThis subreddit was mentioned to me on another comment I made and I guess I'm not really sure if this is a good idea because I almost always feel like I'm annoying people and even now I'm not really sure if this belongs here. I'm just going to copy and paste my comment that the person responded to.. hopefully that's ok:

*[...] was molested as a child by day care sitter, family doesn't really talk about it at all. I've tried telling parents but they dont want to hear it. I'm 19 now so I don't try anymore, I just have to pretend it never happened basically. Cut myself from ages 11-17, I still get flashbacks from being touched in certain areas (around my stomach or thighs) some days are hell to get through and i just feel like killing myself is the only way out because everyone around me just wants to pretend it didn't happen. when people act like its something shameful that shouldn't be brought up, you feel like a burden, like it was your fault it even happened in the first place because now everyone else has to actively suppress this terrible thing because they don't want to think about it. hiding it and not talking about it is the worst thing in the world, it can seriously destroy you from the outside in.*

Its just kind of weird because I feel paradoxically like I wish I could talk to someone about everything but now that I have the opportunity right here I don't even know what I would want to say. Sometimes I just feel like I don't want to do anything. I spend literally the entire day on the computer just refreshing the same few sites, distracting myself with music or video games or movies because the only time I feel briefly happy is when I can forget who I am. Computers and games and television help me enjoy myself because I don't feel like I'm ""inside"" myself if that makes sense I guess, I'm just nothing- I'm just a nebulous idea totally immersed in whatever it is that I'm reading or looking at. When I have to live my life as me, away from distractions, I don't even know where to begin considering how many places I messed up. I know I could probably fix things if I try hard enough  but sometimes I just feel so fundamentally unfixable that I can't even make myself try. I feel overwhelmed bottling everything up but at the same time I feel like when I talk about it I'm just whining and feeling sorry for myself.. I sort of feel that way about this post... sorry its a little disjointed. I just have trouble getting through the day, sometimes. ",medium risk,False,2503,467,-0.9683
"I Fucked UpI don't know what to do I'm 16 and got a girl pregnant and she tried to commit suicide becasue of it she survived but it caused her to miscarry. 

&amp;#x200B;

I feel so overwhelmed with guilt and responsibility i cant take anymore and i dont know what to do",high risk,False,270,52,-0.5888
"I exist, and I do not. I just want to close my eyes and sleep forever.This past week has been the toughest of my life so far. I have two very important academic job talks coming up, I have broken up with my partner (or I haven't, still unclear), I left our apartment and I'm staying at different a friends' place every other day. Now I'm at a friend's who is traveling so I'm alone. I live in a foreign country far from my family. My boyfriend tells me he loves me but does nothing to repair our relationship or even show me that I matter. I have 18 years of failed relationships, pain and loss burdening me, I'm in my mid-thirties now and see my beauty fleeing, no future, no chance for happiness. My parents love me but are unable to offer any support. I'm going through the worst time of my life and no one seems to care. I am exhausted of trying to make my own happiness. I have a box of pills next to me. I've taken two so far, mixed with alcohol and managed to sleep through half of the day. I want to take the remaining ones and make this excruciating pain go away.",medium risk,False,1072,210,-0.85
"Getting Closer All the TimeI may not be as depressed as I used to be, but I feel like that means I'm more able to go through with it. The exhaustion almost acts like a safety barrier. All of my thoughts get more vivid as time goes on. The coldness of the waves pulling me under, the sickly warmth of blood draining from my arteries. I can feel the visions get more real until they'll eventually blur into reality and consume my existence. It's only a matter of time. All it will take is patience.",low risk,False,496,95,0.9206
"I want to kill myself because I canât function in societySo, this is my third time planning to kill myself within the past few months so I guess Iâm reaching out here to see if thereâs some solution that Iâm missing. Because killing myself seems like the only real solution.  

 &amp;nbsp;

I feel like Iâve tapped out all my resources and can no longer function the way I used to, which, although was never as highly functioning as someone without mental illness (Iâve suffered with depression since I was 11 and developed anxiety and insomnia along the way), I still made it by. Iâve always struggled with work and would go through a lot of jobs till I found something that was right for me, and once I did I worked hard and was a really reliable person. I even was offered a supervisor promotion at my second job but I ended up moving to be with my family. In 2010 my dad died suddenly and it left my family in ruins, I guess you could say. We lost everything and I had to take care of my mom and sister financially... and then I had to remove them from my life because I couldnât afford to keep taking care of them and they were not working. Eventually I moved in with my best friend and struggled with jobs due to depression and panic attacks but usually could hold one down for 2 months to a year. I pursued things that made me happy when I could (hobbies, friends, dating). After a couple of years I had a really severe panic episode that caused me to lose my job again (Iâd been through maybe 15-20 jobs at that point). Finally I decided to see a psychiatrist. I showed up every week in a zombie-like, barely responsive state. I felt completely traumatized that I could not handle work situations and kept losing jobs due to panic attacks. I couldnât even go to the store when I needed something due to the anxiety. We did psychotherapy for $250 a week, but as you can imagine, I could not afford that on my minimum wage salary and had to end the psychotherapy sessions but continued seeing him monthly for a couple of years. I tried every medication he gave me, none of which helped, only caused different problems. Finally he said âwell thatâs it, thereâs nothing else to tryâ. So I felt hopeless. The therapy hadnât helped at all. I chose the medication with the least amount of side effects (Trazadone). I took it for a few years but eventually weened off of it because my psychiatrist retired and the meds werenât doing anything except causing migraines.  

&amp;nbsp;

Fast forward to now... Iâm a 30-year-old woman who is stuck? Working minimum wage entry level jobs. Last July I was fired from a job that Iâd been at for 3 years, a record for me, but I had never been promoted during that time despite being a valuable employee (or so I thought). I had some savings so I thought this would be a good time to rediscover my passions in life and I did. I started making videos, doing YouTube, started up plans to make letâs plays and all that because I truly truly enjoyed it and it was fulfilling. I decided thatâs what I want to do even if I have to work a soul-sucking minimum wage job. I will always make time for this new passion in life. I also thought this would be a great time to do school (a coding boot camp actually because I knew I wouldnât have the time or funds to attend a 2-4 year college)... but when I tried to apply for a school loan, I was rejected because I didnât have any credit and had no one to co-sign the loan. So, I thought, well maybe laterâfor now Iâll try to build my credit and get another job. Now, after taking about 8 months off to focus on my passions, building credit, and moving to a new city, Iâve blown through my savings and have been struggling to get or keep a regular job again. It feels really embarrassing applying for jobs that teenagers work at... people question why Iâm trying to work at these types of jobs when Iâm 30. Luckily, I look young but itâs still embarrassing. The truth is Iâm not qualified for anything else and couldnât get into school. Even if I did, I know I wouldnât be able to handle school AND work... I canât even handle work alone. I have panic attacks every couple days. I have severe depression spells that prevent me from moving my life forward or getting out of bed to go to work in the morning. I get paralyzed. Sometimes Iâll even get ready for work but then Iâll freeze and wonât be able to do the final stepâwalk out the door and go to work. I just... go back to bed, because I canât bear the thought of going to these awful places. I hate these jobs so much and want to do something that makes me happy. Like making videos. Editing videos. Making games. Playing games. Being creative. Talking. Anything besides going to be someoneâs fast food servant. The thing is I have no choice. I HAVE to work to survive and pay bills. Maybe I could go to school someday yes, maybe I could make some money from live-streaming games someday yes... but what Iâm worried about is NOW. Right now... I canât seem to hold a job for more than 1 to 14 days. Iâm broke. Iâve almost been homeless and evicted so many times these last few months. The only reason I havenât is because my best friend is picking up all my slackâand I hate that. I donât want to be a drain and a burden anymore. But I donât know how to fix this. I will spend days filling out applications, going to interviews, trying so hard to convince people to give me a job. But when I get the job, the depression and anxiety take over. And I get paralyzed and eventually canât go anymore. Sometimes on the first day. I... I really am going to be homeless. I donât have any family to stay with. My friend cannot carry me. Iâve maxed out almost all my credit cards. I donât qualify for any loans (due to unemployment). I canât afford another psychiatrist. I take Xanax, but it only helps with the panic episodes, not the crushing depression which also prevents me from going to work. Iâm stuck. Iâve researched how to be homeless and survive and I canât do it. I donât want to live like that. Iâd rather be dead. I really would rather be dead. So here I am, again, trying to decide if I should max out my last credit card on a gun and be done with this cycle of suffering and rapid progression downhill... or should I max out my last credit card so I can buy groceries for another month and just... keep trying. Even though I do keep trying and the result is always the same. I have good days where I feel hopeful and think âI can do this, maybeâ but something always knocks me back down the next day, or day after that. And Iâm back to square one. Like, for every step forward thereâs 10 steps back.  

&amp;nbsp;

I feel like if getting evicted wasnât a constant thought on my mind, yes Iâd still be depressed, yes Iâd still think about killing myself sometimes, because I always have. But I donât think I would be planning to actually DO it... but I think Iâve finally reached the end and I have no other choice. Is there something Iâm missing? I donât know what else to do. I canât deal with being homeless on top of everything. I just canât. ",high risk,False,7223,1334,-0.9812
Hating college and suicidal againI recently started college here at Akron 3 hours away from my home. I don't drive so I'm pretty much stuck up here. I thought I would love it here the new environment and a way to make myself a new me. So far it's been the exact opposite I'm in a frat so that's cool but my classes for my major (nursing) are just crazy hard and Idk if I should switch majors or not or what to do. Idk if I even wanna be this far away from home anymore. I had major depressive disorder and anxiety and slight OCD racing thoughts mostly. I was really excited to start nursing and become a pychiatric nurse when I graduate but from where I am now that may never happen. Every day I am always anxious about either my social life or studying 4 hours a day or whatever else may happen. Lately I've just been laying in bed thinking of what to write in a note. And falling asleep thinking of when and how to end it all. I've been suicidal before and thought about it a lot really it has never left the back of my mind for 4 years. I guess I'm just bummed because I have barely any friends and having just a hard time. This summer me and my friends really became brothers and they all stayed together at local college because they don't have the money to come to a actual university but maybe they made the right decision. Idk what to think or say to my mom. Because I quit everything in life and I don't wanna quit college to. If anyone wants to talk please comment or pm me if you have experienced the same thing I am. I'm not very good at explaining things in text.,high risk,False,1576,309,-0.9472
"okay hear me out: being depressed and never leaving your bed is a good thing right so if you don't leave ur bed much you ain't using many of ur muscles and stuff right, so they aren't getting worn down much. that way, when you're old ur muscles haven't been used much and they're still kinda fresh so you can live to be old and still do stuff

well that's assuming the depression don't take you first but yanno, side benefits and that",low risk,False,434,83,0.5956
"I do not know what I am doing anymore.*I have been suffering from depression since I was 12, that was when I had my first suicidal thought, pushed through it, at the age of 16, my world turned upside down again, again made an attempt to overcome it,  I did, except the fact I never told anyone about my struggles and isolated myself and ran away from my college. I got addicted to animes and kpop, I do not know if it was a distraction of sorts, it just made me happy and I kept it really close to me and never shared or spoke about it. This year was fine and I was overcoming my past and becoming  a better person,  but the pandemic hit and I lost everything, I went into severe depression, got myself a therapist, did self harm, tried to kill myself and have lost interest in animes/kpop, I cannot even watch a min of it or listen to songs, cannot pick myself up from my bed, lost appetite, lost a lot of weight considering I am already skinny, I cannot look at my self harm scars and feel like cutting my arm off. My friends do not understand shit about how I feel and make it worse for me, I cannot step inside college anymore because everyone scares me and I cry all the time and get emotional now. Everyone tells me therapy and healing is a slow process and I will become better, but I am tired. I tried fixing my sleep and diet, but still get suicidal thoughts, I am supposed to inform someone if I be that way but I cannot bring myself up to say it because I feel suicidal every second. I am better off dead, I cannot do this anymore.. I feel being unproductive and useless and it is better if I die than live like this because I am just going to waste money and be a snob.. I already searched about how to suicide but I do not have the courage to go through with it, hopefully I will by the end of this week.*",high risk,False,1818,358,-0.9974
"My girlfriend left me for someone one Instagram she doesn't know Thanks to covid it was a virtual relationship, and this girl dumped me for a dude role-playing SONIC from another fucking country. I honestly have nothing else to say that time for a fucking crusade, and I'm pretty sure that dude is a pedo.",low risk,False,305,55,0.5658
"What do you do when you do not like the people supporting you?There is one person, family or otherwise, that I consider a friend-- someone who doesn't frustrate me after 20 minutes with them. I always liked to think I was someone with a long fuse, but I just find myself collapsing internally spending so much time around these people.

I do not have much choice in selecting those around me. My current state has been living with my parents and basically having only the will to death the past few years. I don't kill myself because no matter what, I will make people miserable if I kill myself. The right thing to do right now is smile and bear it because if I showed more signs of depression or even told any of the people around me that I disliked them, it would make multiple people miserable. The reasons sadly don't matter-- the effect would be their misery.

I just feel so trapped.",high risk,False,890,164,-0.9905
"Donât want to be here, didnât opt in to do life (23f)I donât want to do life anymore, and hate that I was cast into this game without choice. My anxiety and depression get worse, and my burden is unfair and too heavy for another to carry. I punch my stomach repeatedly as a form of self punishment for mistakes and failures. Itâs a vicious cycle. I want to opt out of this.",medium risk,False,381,73,-0.9758
"23/Male suicidal thoughts when it comes to my own looksHello people 

I wonder whether someone else has that problem with their own appearance the way I do.
I fucking hate how my face looks. No beard, I donât look manly. 
I am gay and I want to look like a stereotypical man for some reason I can not explain myself 100%.
Rationally I know the reason (status, it has perks, itâs more attractive in my eyes )but emotionally I donât know the reason why I am so obsessed with looking like a 10/10.
People told me I look like someone who has no friends. Based on my appearance ? Yeah i kinda agree, I look awful and like a boring piece of shit.
Even tho I might not be ugly at all for lots of people I still canât accept he fact that I am not a 10/10.
It seems I draw a lot confidence / self worth from my looks.
9/10 ? Thatâs not enough. I have to look like a 10/10, that means I have to look flawless when I (!!!!) look into the mirror.
Obviously everyone has flaws but there a minor flaws which would be okay because thats how the world is and there are still 10/10 men.
I wonder why I have that obsession being a 10/10. 
I never really had any approval when I was younger. Maybe thatâs why ? Just being strongly wanted might be another reason...
Anyways, when I feel very down and I catch my self in the mirror there is a chance I start hitting myself in the face. It reminds me of an act of punishment. That I am not physically attractive ( = âsexyâ ) 
I am still loosing weight and when I reach 75Kg ( I am 90 Kg so far, 188cm height )
I will see how whether itâs worth to continue living.
Thatâs when I will be skinny enough to judge accordingly - thatâs how I cope ... 

Does anyone has the same problems ? 
I am looking for a therapist so far so donât worry",no risk,False,1786,351,0.9085
"I think Iâm bi now... I donât know what to say. Iâve been asexual and aromantic for quite some time now and this is kind of weird. I just finished watching *Promare*, itâs a pretty great film if you enjoyed *Kill la Kill*, *Darling in the Franxx*, and *Gurren Lagann*. When you thought one of the main characters looks like a girl but has a deep voice. **Even better.**",no risk,False,377,69,0.7652
"unfortunately soitâs been one hell of a ride. short and filled with difficulties but itâs been pretty good. met some incredible people who have shown me kindness, compassion, and sometimes made me feel happiness. From average life to tragedy, homeless, abuse(mental and physical), self harm and now Iâm at the end of my journey. Iâm going to miss the hell out of somethings but this is what it has come to. tried earlier this year and I failed. hope 2nd time is the charm. canât live with myself and living causes me pain and donât want to constantly be a burden to everyone around me especially my mother. I know my dead would bring great relief to a lot of people and I donât blame them. anyways thank you for reading this and unfortunately there isnât much you can do. sorry for this being messy and take care",medium risk,False,828,148,-0.6908
"This is attention whoring I guessSo I took a random assortment of meds (painkillers, seroquel, etc.) and some wine, kinda hoping it would kill me by fucking up my liver. The night is still young, IÂ´m considering cutting and jumping off my roof, dunno why IÂ´m attention whoring on here.

Toodles",no risk,False,296,51,-0.5709
"Girlfriend of 3 years just cheated on meI was depressed before, but she was always there. I trusted her so much... did I fuck up? Am I not enough? 

Fuck it I don't care any more ",low risk,False,179,36,-0.6029
"Need helpHi so I am in the middle of a depression and I started getting on medication for it today and I usually have a therapist but Iâm in a crisis now and all the suicide hotline I called didnât answer in my country I think I might hold on a little longer and a friend helped me by talking a lot to me

i did something neglectful tthat is going to lead to both my catâs death and I just realised it and I can.t deal with the guilt, sorry if it sounds dumb
So I kept my parent.s cat for the holiday and he was exposed to a kitten with FIP 2 years ago , he wasnt sick but I exposed him tk ly cats who are quite weak and now they both show symptoms  of FIP
I love my cats as if they were my children
Also. i.m failing at work since a few weeks (thatâs why I got back to medication) 
The guilt I feel now is unbearable, Because of my neglect my cats are going to die and Iseriously wish the vet could kill me as well
Sorry if that siunds weirdk I don t know what to eo I wish i could just stop existing , please dont Orry to much I won t act and I m nit totally alone i just need help with guilt this is all my fault",high risk,False,1123,238,-0.9853
"I am scared this time i will do itThe past two days I am just one wandering ghost trough the streets of the city. Day and night I am restless. I constantly thing of my useless pathetic existence. I don't want to die, but living means only pain for me. I am catching myself thinking of ways to end my life constantly... Only my fear is stopping me, but this won't be for much longer. I write this with fresh bleeding cuts on my skin. I was able to stop the blade, I am here because I don't want to die... But soon, I'm afraid, I will do this final step, separating me from death. 


I am not living now anyway, I am just wandering trough life. 
I've lost everything. There is nothing holding me here.",high risk,False,699,136,-0.9724
"I don't know how much longer I can hold on. I know I basically can't do it because my parents hate the idea of giving up so ""easily,"" but I really don't know how much longer I can do this. At one point, I had a desire to see some good things happen, but now I feel like there is no hope for the things I desperately want to happen to actually happen. I try to make things better, but Im sure my efforts will never come to fruition. I feel so hopeless and so alone. Nobody wants to hear me complain, and all my friendly aquaintances have proved that they don't have the time of day for me at all anymore, and my family has proved the same notion years ago. I'm trying to find motivation, but I'm just so exhausted - more exhausted than ever, and I just feel like I'm falling apart completely. I was forcing myself to keep going and to be somewhat happy, but it feels like nothing is working. My chest just feels so hallow, and my body is shrinking. I can't keep any food in my body for longer than 30 minutes. I feel sick constantly. I feel like the walking dead. Nobody loves me, and it's understandable. I'm more miserable now than Ive ever been in all my years of living. I'm a waste of space at this point, and I just don't know anymore.",medium risk,False,1240,243,-0.437
"I tried to kill myself 5 days agoI'm allergic to a common over the counter medicine.

I filmed a video saying goodbye, popped the pills and called a suicide hotline so I could speak to someone while I waited for the reaction to take place.

I changed my mind. Drove to the hospital and got treated.

Still not quite sure what to make of it all. I feel numb and it's like I'm living on borrowed time.

None of my friends have seen me since my attempt. Yeah I got a couple messages the day after asking if I was ok. I arranged to meet one of them and they cancelled on me on the day.

Idk man.

The hospital phoned my GP and told them about my attempt so they've gone and booked an appointment for me tomorrow.

A big part of me wants them to prescribe me diazepam or something that'd be easy to OD on.",high risk,False,800,158,-0.9236
"Therapist just quit on meSo I said I kinda wasn't pretty on board with the fact that she told me to try to stop worrying about things so much. I wasn't rude or anything, I just said I couldn't see how I could do it, that, maybe that was one of the reasons I came into therapy in the first place. The session then ended. She said she felt she couldn't help me and that we weren't making much progress. She sugested sending me to a peer of hers for a more adequate treatment. I just kept hearing horrible stuff while she said this. I'm feeling utterly hopeless, utterly abandoned and just afraid I just jump for it. I never got to tell her how bad it was and I felt just quit on. What if I actually told her how much it hurts? I just seem to not want to open up to nobody else. And it's just fucking unbearable and I want no more of it.",medium risk,False,834,168,-0.9733
"I'm trying to fight this pain but I am losing and running out of timeI feel so selfish posting here, Im so sorry, but I dont know what to do. It hurts to even breathe. I looked around the house last night but we don't really have any means available. I have a backpack I can fill with rocks; the river is about a mile from where I live. I ran through what time people wouldn't be around the piers. I don't care if drowning if painful. It cant hurt worse than this noise in my head and what does it even matter if it hurts anyway? I hope I suffer in the end. I hope its painful. I'd be leaving behind two young kids, friends, a husband. I deserve to suffer. I hope when I do it I regret it and suffer horribly for those few minutes.  I love everyone so much. I love my friends, Im so sorry I am losing this fight. They are such nice, kind people. I'm sorry. I KNOW this is irrational. I even have an appointment set up to get help, but I am beside myself with this feeling that I don't deserve anything. I dont think I'll make it. I feel like I am at war with my own mind. My whole chest hurts with this feeling. I don't want to burden my friends, but at the same time I feel like a big hug and someone just saying ""don't give up please"" would get me a little strength. Isn't that selfish? I think things like that and I just feel worse. I'm always the one to cheer everyone up, to check on everyone make sure their feeling all right. I just send little texts to say hi! I want everyone to be happy, Im so sorry I cant even reach out to ask you all for help, I just cant burden you with this darkness. My husband knows how I feel but I get the feeling he just doesn't want to be in charge of the kids when I'm gone, like its more inconvenient than he actually wants me around. I have spent my whole life just letting shitty people do shitty things to me because Im too scared or feel guilty for asking for even asking for a goddamned hug from my own friends. So now I am surrounded by people but lonely beyond measure. I just want to matter to someone. I want someone to tell me my existence makes their life just a little better. I'm so selfish. I'm sorry. I'm so, so sorry. I'm sorry. ",medium risk,False,2186,438,-0.8243
i really feel like dyingfor reasons i post here earlier https://www.reddit.com/r/SuicideWatch/comments/6fpziz/why_bother/,high risk,False,121,11,0.4173
"may trigger :(ive been having rlly awful nightmares lately (its been on and off for the past 9 yrs). i was abused by my parents and stepparents as a child. iâve been so down while studying for lsats and finishing off my final year of uni as well. i keep wishing that i could just disappear, like just not exist at all. in the recent nightmare that i had, i slit my throat because i couldnt handle the pain. a few months ago i overdosed on nyquil and ended up puking it out, then i was unconscious for a day. i just feel horrible all the time and idk what to do... im just so unhappy.",medium risk,False,585,116,-0.8838
"My girlfriend committed suicide last year. It has been very hard to not follow in her steps, and I am afraid I will tonight.I have been trying for so long to stay alive and fight my suicidal impulses. My girlfriend of 3.5 years committed suicide in April of 2018. My best friend for many years drugged and raped me in 2017. I have been fired as a result of calling the police when the cook at my job assaulted me (he was arrested). My father has shown his true colors as a textbook narcissist and has abandoned my family. I've dealt with Bipolar disorder (type II) for as long as I can remember. Shortly before my girlfriend passed, the work of Albert Camus cured the suicidal impulses I had been dealing with for many years. The Myth of Sisyphus in particular, a reason to live is just as good a reason to die, and vice versa. When my girlfriend shot herself a few weeks later, my resolve to never commit suicide was solidified through my understanding the impact her action had on her family, me, my family, the list goes on. However, after months of heartache, I started feeling suicidal again. It has only gotten worse. I have grown so disconnected and dissociated from my surroundings. I can think of killing myself and the effect it would have on my family, my girlfriend's mother (whom I am very close with), my friends, and more people than I can comprehend. But when I think of this, and think of the pain I will force people to endure because of my selfishness, my desire to die is unaffected. I bought a green cheek conure in August 2018 and she was shipped to me in September. I did this because when I thought of the effect my suicide would have on a bird that is obsessed with me, I actually cried. It was the first time I had felt human in weeks. I love this bird. Her name is Kiwi. Sadly, I am no longer affected that way when thinking of leaving her. I want to join my girlfriend. I miss her so much. I'm sorry Kiwi. 

I have not told anyone close to me my choice to end my life tonight. I could never plague them with the thought that they could have stopped me, no matter how much I want to talk to someone about it. I am selfless enough to realize that. I am posting here because I have nowhere else. I used to be scared of committing suicide. But these past few days, I have been craving it. I recently rolled my car and (some have said) miraculously survived with few injuries. I no longer have reliable transportation to college. I am still technically in high school, however, I have finished early and rather than graduating early, I am taking advantage of a state program that allows high schoolers with good grades to go to college early. I am a junior in high school, though I haven't had a high school class since summer 2018. The crash is a turning event, as I no longer have the freedom to do what previously made my life worth living: succeed academically early and actually have something to work for. I feel hopeless. 

I used to ponder my girlfriend's decision and question her motives and never be able to find an answer. Now, over these past few weeks, I can confidently say I understand her actions and I can sympathize with her. It's eerie and morbid, but it makes me confident in my feelings.

I am posting here because I have nowhere else. I don't expect anything. It felt nice writing this all out. If I follow through with my plans, I will make sure this note is easy to find for my family and friends so that they can better understand my actions. I don't expect for them or anyone to sympathize with or understand me completely. I am aware of how selfish I am. I am flawed, and I am broken. I am done, and I look forward to joining my girlfriend on the other side.",high risk,False,3709,696,-0.9635
I really hate the bitchSad emotions are turning into hate and suicidal thoughts with hateful intentions are not good,low risk,False,116,19,-0.9571
UNPOPULAR OPINION the best part of smoking is rolling,no risk,False,53,9,0.6369
"I just drank a cup of coffee. And I start feeling sleepy. Dude, it's 3 pm. Ridiculous.",no risk,False,86,17,-0.25
Failed AttemptLast night I attempted suicide with alcohol and Xanax. I am relieved I did not succeed but my feeling of dread has not left me. Where do I go from here? Is this the right place to be? ,high risk,False,198,39,-0.8188
"Why does my mind start getting worried when my suicidal thoughts are going away?If I had a way out I'd just end things and get going. But I'm sticking around for family and I know they'd be devastated if I end my life. 
After a couple of days of feeling very suicidal and unbearably depressed I'm starting to feel better. And I don't feel like ending my life right now, a part of my brain is seriously scared that I actually want to live. What even is this, does anyone know or have an answer?",high risk,False,493,95,-0.9773
"Panic attack *ik itâs super long but plz read*I had a really bad panic attack last night, I have a pretty bad memory and even worse storytelling skills. Iâm pretty sure it had something to do with school, Iâm really behind in all my classes cuz I just give up, I canât do it anymore, I donât want to try anymore. 

So what I remember from last night: it started in the kitchen, my dad was on the phone with one of my teachers and tried to make me talk on the phone, I freaked out (terrified of talking on the phone/confrontation/ getting in trouble) ran to my room to cry in peace. 
It was embarrassing because my dad was telling my teacher everything that was going on with me, I mean I guess they need to understand whatâs going on with me but I feel like he couldâve like asked or something but he just shares my personal things with whoever he wants. 
Anyways, my dad was trying to talk to me from outside my door but I was too far gone into my panic. I was laying on the floor, hyperventilating, scream crying and scratching up my face and hair. Then my parents bust into my locked room and are like just watching me have a meltdown on the floor, saying things like âyouâre 18, stop acting like thisâ âlook at yourselfâ âlook at the way youâre actingâ âhow could you treat us this way after everything weâve done for youâ. 
So Iâm just screaming âget outâ on repeat, they donât, they get more mad at me and my mom came up and screamed in my face âSHUT THE FUCK UPâ I literally screamed out of fear and curl into a ball and kept screaming at them to get out. That replayed in my mind all night and Iâm still thinking about it now. I donât like swearing, itâs so aggressive and it really scares me sometimes. 
They left, my dad said something bad about me in the kitchen or something cuz then my parents started arguing and my mom slept on the couch. My older sister came in my room and I was still screaming get out, she tried to rub my back and make me feel better but I freaked out even more, I hugged myself against the dresser I was laying next to so tightly and started screaming âdonât touch meâ(I have a problem with being touched in my everyday life idk why). 
Um yeah, after that everyone went to bed and I just cried on the floor. Eventually my brain was so overworked or something that I forgot what I was crying about, I fell asleep on the floor. I woke up idk how much later and it was 1am, I had a pounding headache, my whole body still felt numb/tingly, and I was feeling super nauseous. Ran to the bathroom cuz i had stuff shooting out of both ends. I have small panic attacks kinda regularly but I can usually handle them quietly on my own, Iâve never had a panic attack like that. 
I usually feel a little out of it but that whole time I was having my panic attack and after I woke up, I felt like I was going crazy or something, nothings real and nothing matters. 

I can hardly eat or sleep, I donât know what else I can take. I either want to kill myself (yes, Iâm on medication for depression and anxiety but nothing seems to be working) or I want to drop out, focus on my mental health, get a job, and work towards getting my ged. My parents say neither of those are options, that thereâs no excuse for not passing. 

They always say that they understand and stuff but they DONT!! They think that if I just put my mind to it that I can âovercomeâ as my dad likes to say. My mind is fried, clearly nothing is working correctly up there. 

I know this is super long and probably doesnât make a lot of sense but I really hope someone has advice or something, literally anything. Iâm so lost.",high risk,False,3691,698,-0.998
"Anyone else listen to music about suicide when theyâre feeling down?I donât know if itâs healthy to do this but Iâve been listening to Suicidal Thoughts and Everyday Struggle by Biggie a lot recently. The songs lays out so many of the emotions Iâve been feeling about my own life - that Iâm a disappointment to my parents, that I donât want to be alive anymore, that I just wanna âslit my wrists and end this bullshitâ. So much music is talking about relationships or money or parties, and none of that interests me.

Why seek out a relationship when Iâm going to be dead soon? Why should I think about money if it has no meaning after youâre gone? Why give a shit about parties when all I do is get too high and drunk and just fall asleep or throw up? Itâs nice to hear some artists feel the same way I do and have the balls to talk about it. 

Any other good songs out there about suicide?",high risk,False,915,171,-0.9754
"I will be strong. I won't listen to any of you negative cruel evil people. I will reach to my dreams. I won't listen to your demotivation and negativity. I won't kill myselfI won't kill myself. I am very very very fragile, but I have a monster inside of me made of steel.

Everytime I break down crying and threaten suicide, that monster made of steel comes out and screams ""DONT LISTEN TO THEM"". ""DONT LISTEN TO THEM"". ""DONT LISTEN TO THEM"".

As long as I just consider myself part of a majority or a group. I become a robot.

I am not like the majority or the minority. I am like me. And I believe in me.

You don't believe in me, but I do believe in me.

#I AM SORRY SUICIDE, YOU WON'T GET TO ME NO MATTER HOW HARD YOU TRY.",high risk,False,726,144,-0.988
"End of life arrangmentsAs someone who has battled with suicide on again and off again lately I've been wanting to make end of life arrangements. A living will, what I want done with my body after I die, memorial, or lack there of arrangements.. I don't want one. Don't want a funeral or anything. I just want to be forgotten about. I want everyone to wake up the next day and go on as if I never existed. Yet, there really isn't a way I can do this. Nobody I can talk to that won't just tell me ""it gets better"" ""think of all the people who will miss you"" etc...",high risk,False,562,111,-0.873
Iâm just so :/ rn Why am I so replaceable hahahaa Iâm nothing more than a phase to people Iâll never be anything more than a stepping stool for people to move onto the next  person. I just wish I could disappear :) like not die but just disappear off the face of the earth. Nobody would even miss my worthless ass anyways lol might just do it,medium risk,False,348,68,-0.7171
"Why do wish so much violence on myself when I cant stomach it normally?I cant really get into violent, bloody movies. I cant into violent video games. Horror movies and tv shows have never been my thing.

I dont have anything against these forms of media, nor do I have a negative opinion of those who regularly choose to consume. It's just not my cup of tea, and it is for others.


Yet. When envisioning my suicide, I cant stop making it more andam more violent. A simple hanging or gunshot doesnt really suffice. Its gotta be, like, many gun shots and stab wounds... pouring gasoline on myself and lighting a match. 

Even though I want to write notes and the usual stuff, I also want to make myself, like, totally disfigured and unrecognizable. I want to force either a closed-casket funeral or go straight to cremation.

And it's just like, what's wrong with me? Why do I hate myself this goddamn much? Theres not some other soul I want to physically harm even at all, yet, for myself, I want to go out in the most brutal, violent way possible.",high risk,False,1049,191,-0.9925
"I am confusedI am confused. I hate what I've done in my life, but I'm only 18. I am incredibly angry at myself for making the decisions I have made. But I know I shouldn't do it. I know I have my whole life ahead of me and have no real reason to even consider ending it.

 I have it all planned out: walk into New York City late at night and visit my favorite places. Then take all the my savings from selling drugs and fly to Sydney, Australia. I went on vacation there and never wanted to go back. Then, take a cab to Bondi Beach and sit in the sand until I'm ready. Climb up to the top of a cliff and just jump. It's a devastating height. 

But I've thought about this for so long and yet every night I stay. I will hear back from my dream colleges soon but I am almost positive I will not get in. I have a large group of close friends both in my school and around the greater New York area. No One has any idea how feel. 

I  am undeservedly privileged with an undeserved future. I have opportunities people would die for. I know I shouldn't end it, but I still have the dark, anxious, stomach turning feeling that I should. 

And I guess that's why I'm posting. How do I get rid of this feeling?",low risk,False,1200,239,0.6661
"Now that kissanime has been taken down, where does my poor ass watch anime? It was my only way to watch like... 99% of my anime and now that its been taken down I have nothing else than fucking netflix... Now don't get me wrong netflix has some good anime but they're very limited and I've watched all the anime on netflix that I want to watch. Sooo like any suggestions on how a poor bastard can get anime?
Rip kiss, you will be very missed",no risk,False,441,86,-0.8277
"I'm 28 and I've had suicidal thoughts for 10 years now.Tonight I want to die. I go in and out of that feeling many times throughout the day. Today I took my dose of Xanex, smoked some weed, and took some Khalua in my coffee. The Xanex really just makes me feel the most slightest bit fuzzy. I think it helps with some of the anxiety but even taking 20 won't stop the feeling so I try to make it last till the next script because without it is just withdraws and pain. The weed doesn't get me high anymore. I've built up a tolerance where I'm not even sure it's doing anything but getting rid of my chronic migraines. I still smoke an ounce or two a month. It's expensive but I don't have the money. I have no money. The Khalua helps the most. I used too much and it was basically 75% coffee liquor and 25% espresso. I'm all out of it though and the liquor store is closed. I don't want to become an alcoholic as is a fallacy of many of my family members including my brother. I don't want to run out of Xanex again but I've taken 5 now. I don't want to burn through my parents cash on weed but I'm down to crumbs and my dealer rips me off. I met him at a Dubstep show in the city and took some acid. I've tried acid 3 times now in my life, It has no effect. Ecstasy apparently has no effect either. I'm on too many medications that don't allow it.

I just want to escape the depression. I can't cry right now but I wish I could. Sometimes I can't stop crying. I sleep all day, wake up, cry, fall back asleep until I wake up again. There's never any reason to get out of bed. Not today and not on any of the days I can cry. 4 years ago I tried to kill myself by overdosing on all of the meds I had. I possessed some 90 day supplies of some \~8 different meds that I was on and leftovers of meds I had been on. I don't even know what all the meds I'm on are at the moment off the top of my head. There's so many. My mother keeps them locked up, but I don't think I'd ever try to OD again. My stomach is usually in a pretty poor state to the point I throw up every morning. If I have a migraine I throw up until I'm so exhausted I fall asleep. Because of the vomiting I can't take a pill and expect it to work. If you're familiar with migraines you're probably familiar with triptans and how much they suck. I have needles for them. Sumatriptan. Makes you feel like absolute shit but it clears some of the migraine up. But that's a little off-topic. I've had migraines since I can remember and it's a weekly deal without marijuana which for some reason my state won't even legalize medicinally. So I pay my dealer obscene prices per ounce to get by. I can't find another dealer of course since I haven't really spent much time outside of the house in 10 years and was lucky to find one at all.

The 10 year thing probably needs explanation. I'd rather not say where I'm from or where I moved to but 10 years ago I moved from the far northern US to the far south. I miss the snow the most. I haven't seen snow in a very long time. My parents moved down here for my father's work and I came along. My parents are great. They put up with so much from me. All the horrible things I've said and done to them in moments of disillusionment. How many times I've ruined their plans with a depressive episode or embarrassed them in a fit of mania. Bandaging up the scars on my arm that I make to feel something other than apathy. I think when I try next. When the time is right and no one else is home I won't overdose again. I'll cut my wrists in the bath deep enough to have a result. I just can't be allowed to fail. If I fail they'll put me back in one of those 72 hr holds. 

I stayed 2 weeks in hell the last time I tried to kill myself, fucked up on all the drugs I took I lost the ability to walk for awhile among other things. You know what they do in a mental hospital? I've been many times so I can tell you. They wheel you in, leave you in a dark room next to a bed on the floor until someone else finds you and helps you into that bed. Hopefully the one who left me there sitting in a wheelchair stoned out of my mind unable to walk was fired. Who knows. One of the hospitals knows me pretty well now. The last time I panicked and resorted to going back the token black employee remembered me instantly. I told him I liked the food better at this hospital than the others the time before I was there. When I arrived in the ward and sat down with some others there I heard a story of something someone did here once, me. An embarrassing story that I won't repeat but apparently was known by everyone, doctors and patients alike. When the nurse checked my vitals I tried to make a normal comment once. ""I like your shoes, I have ones just like those"" about her black converse high tops. She proceeded to call me a psychopath and shuffle away when she was done. Of course the comments on the food never stopped because the black employee told a patient or another and rumors spread about me. Ostracized even in a place meant to help. The mental health system in the US has a long way to go. I met with a psychiatrist who seemed bored the entire time and prescribed me various meds my doctor has never put me on. The therapist I met with I unloaded on with my insanity. He remembered me from last time and as usual. Therapists can't help those that are truly sick. All my problems change from day to day and I think he also knew I was hopeless.

At the time before I moved I wasn't really eating and lost a ton of weight. A girl broke my heart which sent me into a spiral of depression lasting to this day. I'd survive in school on a cheese filled breadstick in the lunch room, where I sat alone and people would throw things at me. I had so much social anxiety I could only talk to my friends. Back then I was only on Adderall as a medication and I used it gratuitously. If you take Adderall, don't eat and don't drink. You get a euphoric focused feeling along with cottonmouth that even makes math fun. So basically I was zoned out all my Senior year on Adderall hanging out at drug houses in my heroin addled town. I've never tried heroin but after I moved my group of friends did. Some of them are dead now. Two I know of are in prison for race related crimes. My friends and I were the ""townies"" back in high school we could always be found in the public park smoking cigarettes that we got different people to buy for us. Some of them were some interesting characters like Jeff &amp; Marie. 

Jeff &amp; Marie lived in a small unkempt apartment with a countless number of cats. We'd go over, smoke some weed with them and give Jeff a large tip to go across the street to the Indian at the gas station and buy us alcohol and cigarettes. Marie died before I moved. She started to turn yellow and one day passed away of jaundice. Jeff and Marie were never together, at least as far as I knew. When Marie died my friend and I out of appreciation for Jeff helped him move with some assistance from the church they attended. There were literal mountains of cat feces behind every possible object. Moving things around stirred up the smell and I think that was the reason Marie died. Years later I found out that my friend that helped move them found Jeff living under the highway underpass. He'd bring him Lunchables and beer nuts and he eventually disappeared. They never seemed to have any friends, or family. I don't think anyone else missed them.

Moving right before I was to go to college wasn't good for me. I missed my friends a lot. They were really all I had. The one thing that bugs me the most is that I wasn't there to help them. Keep them away from dope. I was always the straight edged one. Or the most straight edged you could get in a group of teenage law breakers. After moving we kept in touch somewhat. One of my friends made a Facebook group and we'd talk about random things, it didn't last long. Years later he would call me when he shot up and talk to me. I think he wanted me to stop him. He's in prison for the second time now. These days I've lost touch with all but a couple. Ones a rapper now by the name of Sickwit and the other, Big Mike works at the Wendy's in town. He just got his license back and plans to become a mechanic.

But that's enough about the past. It haunts me enough and even the smallest memories of mistreatment or embarrassment make me shiver. The girl who broke my heart, the Adderall fueled weight loss, the friends who mistreated me and kids in school who berated me for being quiet and different. These days all of my friends are online. Some I've known for around 15 years or even longer over various PC games. Lately though, I've been losing many of them. I'll say something almost on purpose that I know will drive them away. One friend lost means multiple mutual friends gone. I'm not worth it compared to her, or him. I'm too erratic and my mood is never consistent. I consider friends very important to me. If I'm depressed I don't resort to therapists. They've never done anything for me. I try to count on my friends but even people you think can help you through anything will get sick and disgusted with you eventually and I'm on the verge of losing one of the ones I've known for over 15 years.

I can't handle losing friends. I don't know why. Or maybe I do but I don't want to explain it. I want everyone in the world to hate me so no one will miss me. I've betrayed them multiple times by cutting contact, deleting accounts and isolating myself in my depression. Some come back, some don't. I receive minimal checks from the government for my conditions. But I can't hold down a job. I've had a few through the years but even volunteer work I seem to fail at. What worries me the most about getting a job is failure. I attended college for a token few classes after moving down here before the depression hit the hardest. I want to go back but of course, COVID-19. Plus I've wanted to go back for years and I just can't get it done. Last time I was in college I had hair down to my shoulders, wore jeans absolutely full of holes and talked to no one. Once in my music appreciation class I raised my hand to answer a question and the entire class stopped as I spoke and stared at me. Asking me questions until the teacher broke it up and continued the lecture. I stuck out like a sore thumb as I always do.

My parents are very generous to me and I have some nice things. These things regularly fill me with guilt but my mother is so generous and loving that she won't even let me say no to a gift. If I were to kill myself I know that everyone else could move on. They'd all see it coming. 'He was going to do it eventually'. It's all I can think about after all. I'm just afraid of the act. Even more afraid of failing and being institutionalized and I can't help but think of what my mother would do without me. She's very Ill and has been my whole life. Rheumatoid  Arthritis has ravaged her body along with heart issues requiring a pacemaker and a slew of medications and injections she has to take regularly. Not nearly as many pills as I take but for physical reasons. Not stupid mental issues.

There's so much more that depresses me but I don't need a reason to cry anymore. I just do it. Nothing in the world can solve my problems. Therapy has failed multiple times. Mental Hospitals are hell on earth. ECTs, just destroy my memory. I can barely remember these past years due to the few series's of treatment I've had. Always going back because I think they might work but they never do. I can't find a girlfriend and have only had sex once in the past 10 years due to a Tinder hookup. These are my 20s and they're supposed to be filled with so much joy. I don't think I own a blade sharp enough. I want a new razor blade since all the ones I can find are just rusty. I would cut myself in the bathtub with no one around until I fade out of this mess.",high risk,False,11925,2321,-0.9993
"SuicideWatching my ex, need supportSo I told her it was over and it was a shock for her.  A large part of it was me not talking to her, so she very little clue that this was going to happen.  She had a history of depression and attempt suicide 14 years ago but nothing since.

We made a plan about how she would get her life back together, because she was incredibly dependent on me.  However, unbeknownst to me she took pills and alcohol while I was sleeping on the couch and now she's in short-term mental health ward.

Now her 72-hour mental health hold is expiring and they are declaring her fit to return to her apartment.  She is still broken and I feel sure she will try something else on Friday when she gets out.

I hate her so much.  I started this because I couldnt handle being shackled to her, and now I am chained to her even more strongly because my conscience wont allow me to stand by while someone dies.  I cant bring myself to do that.

She has no one else .  I cracked because of the pressurw of being provider, confidante, chauffeur, accountant for her all these years and now even though I want to leave I cant.

TL:DR Suicidal ex returns home in 48h and I am worried she will try again.  How does one come to moral terms with keeping someone alive that wants to die ?  Where do you find the strength ?",high risk,False,1324,253,-0.7495
I don't understand whats up with my dreams lately It's very sad and gory most of the time and I'm so fucking afraid of sleep as of lately.,low risk,False,138,28,-0.1761
"I WILL kill myself, please give me advice on how to do it.I know this subreddit isn't created for these kinds of questions. But no one can change my mind, I've been lurkig here for a while now. Talked with many friends, loved ones etc. Every second I spend on this planet is a second full of agony.

I WILL kill myself soon, no talk here can change that. Since you fellas are the redditors who know the most about suicide stuff, what I'm asking you is to give me an advice about the steps. I will get a shotgun and shoot myself in the head with it. But what can I do to make this a clean, stable shot? Do I just hold it against my head and pull the trigger? Will it not recoil and misdirect? Should I build a system which will hold the gun for me?

If you help me now, I will die with no agony. If you don't, I might suffer much more. At least give me the advice that I want, then talk about ''don't do it'' stuff. 

Please, don't delete this thread. Please help me. This is my final wish from this world. Let me end this cleanly.",high risk,False,1030,206,0.4489
"IM SOOOO FUCKING HAPPY FUCK YES I GOT A 7 IN ENGLISH LANGUAGE IM GOING TO FUCKING ANNIHALITE EVERY SINGLE ONE OF MY ENGLISH BOOKS WHEN I FINISH I NEVER WANT TO SEE IT AGAIN. 

3 MORE MONTHS, THEN IT CAN GO ORALLY RAPE ITSELF THROUGH ITS ASS.

FUCK YOU ENGLISH, I HOPE YOU DIE, AND IM SO FUCKING HAPPY I GOT A 7 BECAUSE IF I DIDNT I WOULD HAVE FUCKING DIED FROM MY PARENTS.",no risk,False,372,76,-0.8997
"Alright Iâll use Reddit to talk bout my shit Well today I had gym class and we did the Rasputin dance on Just Dance and I had fun with that. After class though, my friend that I vent to sometimes (who knows Iâm suicidal) asked me to please come to school tomorrow so that literally broke my heart. I didnât try to commit alivenât today which was good. Alright todayâs was shorter than my last two so I guess thatâs good. Bye now and have a fucking fantastic week!",no risk,False,475,89,0.9526
"I'm so close to doing itI spent 3 weeks in a mental hospital because my brother saw belt marks on my neck from practicing for asphyxiation suicide. I was a security guard and was forced to quit working because my license requires that I have not been involuntarily committed to a mental health institution. I have no one to talk to. I just sit in my room by myself 24/7 rotting away playing computer games. I've been playing the same online game for 5+ years, maybe 6 hours a day, sometimes much more and all of my accounts keep getting permanently banned for ""toxicity"". Everyone says I am toxic, online and in real life. I really don't know how to control it. I have nothing going on in my life. That game was basically all I live for. No friends, no job, no girlfriend. I had a very fucked up, abusive childhood and I am an angry person. Basically was bullied by everyone, even family. Had to do slave labor on my neighbor's farm everyday just so they could pay my ""stepfather"" so he could buy weed. I wasn't allowed to have friends. I very rarely go to any sort of event. I have been so sheltered my entire life I just sit in my bedroom alone and I'm tired of begging for things to change. I fail at everything. Swapped contact info with several girls at the mental institution and only one of them actually contacted me, but hasn't responded in over a month now. Nobody ever responds to me on okcupid or tinder. I have submitted so many job applications that are ignored. I did have a plan to get a car, but now that I have no job I can't do that. I have bad social anxiety and I'm not sure I can even do anything besides security. I was comfortable doing it because I could be by myself and not have to fail at trying to interact with people. My brother kicked me out after I got out of the mental institution because his girlfriend has a 2 year old daughter and they said they don't want her to find me dead. I have absolutely no idea what I'm supposed to do. I have 0 going for me. Nothing. I always begged my parents to let me go out and do things, hang out with friends, and they always said no. Now I have no social skills. I have felt nothing but shame and anger for the past 10 years. I started wanting to hang myself when I was 13 - when I would get off the hot school bus with no air conditioning and be thirsty, ask for a drink and be told I had not done anything to deserve a drink yet and I had to work first. Spent halloween cutting tree limbs while everyone else was partying and trick or treating. Being forced to dig up a septic tank and carry buckets of human shit. Having cameras all throughout the house with my weirdo stepdad sitting in his room watching everybody, listening in on every call, reading every text. I don't know what the fuck to do. I hate that I have to kill myself but I feel like it's my only option. I have nothing.",high risk,False,2860,553,-0.9957
"One last chanceIm giving myself one last chance this weekend, I'm asking a girl out again and if I get a no I'm finally ending it, I've given up on my life for a while, but I just need that last push to end it, and getting a no is all I need. ",no risk,False,243,53,-0.296
"I dont know what is wrong with meLife is fine there is nothing that i can complain about, but i just feel so tired. I really tried, i tried to tell myself there is no reason to be sad, things are ok, donât be ungrateful. But it just didnt work. I tried to be the best person i can, do my part properly, make people happy, i even tried painting happy and joyful stuff. But i am so tired, i feel like everything that goes wrong is my fault, i didnt tell anyone these because i dont want to burden others but i dont know how to get out.",medium risk,False,535,109,-0.4584
"I am a nobody and I have no oneNo one will ever settle for ugly. 

Iâm going to take a couple of anti depressants and go to bed. I hope I donât wake up honestly.",no risk,False,165,35,-0.5423
"Yah I wanna rant lol, also help me So thereâs this girl I like. When we were in our first years(classmates), we had this mutual understanding. Not long after that we âgo separate waysâ (I think she used her mom as an excuse). At that time I was one of those kids who thinks being popular was everything, never thought I would turn into this edgy guy who watches anime(not weeb eww) and likes playing games. Yah sure, I go out to play basketball at some private gym with my batch mates every Thursday ( its our Saturday), but itâs still difficult to make friends and make eye contact and stuff. I stayed mad at her from like our 1st and 2nd years. As soon as I lost my douche friends who made me popular, I guess I realized I still like her???? I dunno Iâm too young and dumb. I tried talking to her around 3rd year high school but she keeps avoiding me, itâs hard to get the chance to talk to her personally. And now... everything is online. I canât get the chance to interact with her, she wonât even reply to my messages. âItâs my choiceâ she texted to my friend(the friend resembles Peter Griffin btw but he good). What should I do? We have no physical interaction lol. I only remembered her when I was in the mood to get an Aoba Johsai jacket (look it up). Any idea? Tips? Since yâall teens here with actual experience in these stuff.",no risk,False,1362,255,0.9643
I was thinking about how I should tell my psychologist I saw cp But then I remembered she quit on me lmaoâââââ ââââââ ââââââ ââââââââ ââââââââââââââââââââ âââ âââââ âââââââââââââââ ââââââ ââââââ ââââââââ ââââââââââââââââââââ âââ âââââ âââââââââââââââ ââââââ ââââââ ââââââââ ââââââââââââââââââââ âââ âââââ ââââââââââ,no risk,False,693,43,0.0
"Day 2Hey, 
Sorry I was delayed with Day2 update but I was really out of it today and pretty much stayed in bed as much as possible all day. 
I decided on this update I should probably give some back story about me so you can get a better understanding as to why Im here where I am now. 

Im a 22yr old female and come from a pretty rough childhood. I was molested, abused both physically and verbally by relatives and grew up with no money in our household. My mum was an alcoholic from pretty much as far as I can remember and my Dad left us when I was 4. 
Because of Mums alcohol abuse I was the primary care giver for my two younger brothers. Im the second oldest but our older brother is 10 years older than me so he moved away from this fucked up family as soon as he could and I was left to care for my Mum and brothers. We had to live with my Grandpa when I was 8 because he was getting too old to care for himself, yet somehow he had the energy to beat me and kill my cat in front of me when he got angry. It was always me who was the target. My brothers were treated like royalty and I was treated like scum. 
But I tried my best to keep pushing, I made sure my brothers got to school okay, I tried to go to school when i could (which wasnt very often) because Mum was always so drugged up on anything she could get her hands on, I was scared she'd die in her sleep. She slept all day and all night and only got up for like an hour or two in the evening to give us a can of spaghetti to share between the three of us and wine for herself. 
This when on till I was about 12 or 13. I was beaten by my Pa every day, always starving and making sure Mum didnt die in her sleep. 
One day she went missing for over a week and while she was gone and my brothers and I were taken from our home into emergency foster care. I assumed the school and neighbours notified the authorities about us being alone with our Pa because of how abusive he was. 
Anyway we were there for two weeks before they found our Mum at some randoms dudes place all beaten and drugged up. 
We had to go see her in hospital and it was pretty scary. Ive never seen someone so yellow before, I didnt know skin could be that colour. 
Skip a few years and we are still in foster care and Im trying to get my life together, I start going back to school even though I wasnt welcome there by teachers or students. I got bullied by both all the time and it pretty awful. I think the worst time was when I was trying to eat my lunch a block or two away from the school because I was too scared to be near people but some boys stalked me and beat me. They kicked me in the chest and it was so hard to breathe and when I told the teachers they told me I shouldnt of been off school property. Well fuck, my bad! 
Anyway when I was 15 our government case worker found my Dad in another state and sent my younger brothers and I to live with him, his new wife and two little girls. 
I was pretty happy to finally feel like maybe I had a second chance at family but that didnt turn out so well. In my short 8 months of living there I was beaten by my step mum, bullied even worse at my new school and was on 24/7 watch by my parents because for some reason ""I was the devils child and couldnt be trusted"". 
This was about the time a girl I knew at school who I sorta considered to be my first friend told me that her boyfriend was cutting himself and she showed me pictures. I asked her how he did it and she told me he could get razors out of pencil sharpeners. That thought really scared me and I found it pretty gross. A few weeks pass and my step mother was yelling at me because Im just like my mother and Im useless to everyone and I thought about the self harming my friend told me. 
When she left the room I sat on my couch and cried for hours frantically trying to get this razor out of a pencil sharpener and I didnt know how. It really infuriated me so i stomped on it till i got it out. I dont know what came over me but I just started cutting. All down my thighs and my right wrist. 
I stopped when I realised that if anyone found out then I could be in more trouble. 
A few days go by and im doing the night dishes and my step mother bursts into the kitchen and starts grilling me about not using colour coated pegs to hang the washing (yeah she was OCD as fuck) and I got really angry and waved my arms at her and told her she's nuts. This revealed my cutting on my wrists though and when she noticed them she immediately grabbed my arm that was covered in cuts and dragged me to see my father. They both started telling me that it was unacceptable and theyre both extremely disappointed in me. I got my phone taken away for 6 months and no computer use for a year. 
I went back into my room and just sobbed my eyes out. 
Thankfully through the government system I was seeing a counsellor and I told her what had happened and the next day I was out of my Dads care. 
I had a boyfriend at the time who i only just met but his Mum was nice enough to let me stay with her till I got my own place. 
My two brothers stayed in my Dads care for a while but were sent back to the state we originally came from because they didnt want them anymore.
I stayed with my boyfriends mum for about a year till I was 17 and could live in student accommodation for school. My schooling never really improved and I was diagnosed with depression and social anxiety during this time and kept to myself a lot. It wasnt until I was 18 that I sort of made a couple of friends through my boyfriend and school that I felt a little happier. However my boyfriend cheated on me after a couple of years of dating and that put me into a whole new hole of depression. I started self harming again and drank every cheap night I could out in town and slept with pretty much anyone because I wanted to feel wanted by someone. Even if it was for a night, I wanted to feel like I was something to someone. 
This went on till I was 20 with a couple of boyfriends in between and I left school to find a job and also I moved into a shared home to make it easier to start saving and have more money to buy things I wanted. I also adopted a cat during this time and was actually pretty happy. Unfortunately i had little contact with my brothers and foster carers but I was getting my life on track and it was good. 
I was working two jobs at one point, in a restaurant and a nightclub. I really loved it. One night at the night club a man asked for my number since it was his 21st birthday and I dont believe in love at first sight but I just knew he was the one for me. I gave him my number and we instantly fell in love. I could write forever about how much I adore this man but Ive already said so much and Im sure no one has read this far anyway. 
But I loved him so much, I saw our entire future together and I didnt see myself alive past 25 but with him I saw forever. 
We saw each other every weekend and went through a lot of anazing times togethers but like all relationships we had our rough patches. 
He had severe anxiety and I thought I was over mine so I gave him my all to get him the support he needed to get through his but he was stuck in his own dark cloud of anxiety and nothing could get him out of it. 
We dated for almost a year but that last few months were torture. He was so depressed but not suicidal thankfully and always so anxious. I gave him anything he needed or wanted and I forgot to take care of myself. My depression was creeping back and my anxiety flared up whenever we were together. 
We decided it was best we went our own ways to get ourselves back to who we once were when we first fell in love. I dont deny we are out of love now but we dont speak as often as we use to and its still hard to see him pop up on my newsfeed every now and then. 
After that, my depression was creeping anymore and it crashed on me like a tonne of bricks. My anxiety turned into full on panic attacks and I started feeling extremely suicidal. 
One night I was just at home distracting myself with a video game and my roommate forced himself into my room and started yelling at me for something. I dont remember what it was but next thing I know I was running down the street and I ran for about 10 or 12kms till I came to a bridge. This bridge was over water and i stared at it sobbing from the bottom of the walk way. It was like 12am and for some reason I couldnt control my own body or mind. I climbed to the highest point of the bridge and called my recent ex boyfriend but he didnt answer. I tried to call him 3 times before I gave up and sent him a really long message about how much I love him and not to blame himself for what Im about to do. 
He didnt respond and I remember taking my shoes off,turning off my phone and putting into my left shoe and my wallet into my right shoe. I climed over the railing and I suddenly felt happiness. I laughed so much and could feel the cold wind against my fingers and toes and just felt relieved. I knew I was going to die and I was happy. 
But someone who I guess was a late night runner grabbed me under my arms and used all his strength to slide me back over the railing. It hurt like hell, i thought my back was going to break. Next thing I know I woke up in hospital and I was scared. I was in a huge as fuck room with just cold toast and juice beside me and my belongings next to them. 
I grabbed my phone and had a text from my ex. He told me the hospital tried to contact him because he was my only emergency contact but ge couldnt see me in hospital because it would crush him to see me how I was. I begged him to come but he wouldnt. No one came. No one from work called to see if I was okay or my housemates. I had to stay there for two weeks and it was fucking boring and scary at times. Thankfully I knew one of the guards there who I use to work with at the nightclub and he kept me company and snuck in food and gifts from outside. We still keep in contact now but its hard to organise to see each other since we live in seperate states. 
While I was in hospital I organised to move away. I decided it was time for a change and away from this place so two days out of hospital I had everything organised and moved to another state. A guy i met through playing games gave me his couch to crash on till I could find work and my own place. It wasnt long till things went sour. I told no one I moved away and when people found out, they were pretty pissed and dont talk to me now and if they do its because its a pity check up. The guy i was living with raped me and said I owed him this because I was staying at his house free of charge. It took a long time to find a job and i found one in a cafe close by but as soon as I was alone I left that house and was homeless for a couple of days till I found a shared rental with some really nice people. But my job was now two hours away and only casual so it wasnt worth the trams and buses for maybe a shift or two a week. So i quit and lived off government payments, I also broke my arm as well so finding work was really hard. I also got back in touch with Mum because we were in the same state and I was hoping she was doing okay. She wasnt but she was trying to get better so I offered to help. She informed me by Pa had died (thankfully) and she was waiting on his inheritance so she could start her life fresh and I was pretty proud of that. She needed a change as much as me and even though she was a pretty crap Mum when I was younger, I wanted to give her a second chance. 
When my arm was better I scored a job in a call centre that Im still doing now and its really stressful but Im not face to face with customers and that makes me pretty happy. My mum got her inheritance and offered me 5 grand to help set me up in my own rental so I dont have to couch surf anymore. 
I declinded every time she offered because Im really independent abnd hate hand outs but she insisted for a couple of months so I said yes and got myself set up in my own place. Things were looking up. My depression was still there but I was distracting myself with work and started seeing someone as well. But my ex kept coming back into the picture saying how sorry he was and wanted to see me and all this crap and I fell for it but it did more harm to my mental health than good so I had to tell him I need to be alone. 
Anyway, my Mum insisted she'd buy all my things and not worry about paying her back but I told her not to spend 5 grand on me since I want to pay her back abd I only need the essentials like a fridge, bed, washing machine and kitchen utensils. She agreed but a few weeks later when it all arrived at my house it was more than I asked for. I told mum I dont need all this stuff and I cant afford to pay her back for this. She insisted not to worry about it and just be a lady and get yourself set up. I was really happy. I finally had my own space and work was a good distraction and Mum was back in my life but coming to the last few months it has been hell. 
Mum decided to sue me for all things she bought me because I havent paid her back yet and when I told her what I could afford to give her out of my budget, that wasnt good enough so she told me I should kill myself and I wont be missed and she'll see me in court. My work started cracking down on us and it was flaring up my anxiety, my ex was still trying to be apart of my life and it was really hard to maintain friends here and also make new ones. I was slowly becoming in debt due to my phone bill and my internet provider screwed me over too. Financially Im not doing good at all. Im constantly eating bad and my nice body I had before is turning into mush. My boyfriend was complaining we arent having enough sex because Im too overwhelmed all the time and I was becoming distant.
I was also diagnosed with borderline personality disorder this year and that stresses me out a tonne. 
So one day I just snapped. My life isnt getting better, in fact its getting worse and this is when the attempt came into place a couple of weeks ago. 
If youre exhausted from reading all this then thats just about 1% as exhausted I am all the time. My life was a mess and no matter how much I try to turn it into good, I get screwed over. 
Some of you know I have a dog, Eva. I adopted her a few weeks prior to be in my loving animal family but shes extremely active and my depression over this last year hasnt been good for her or my home so I gave her to a friend at work and shes doing well.  
Anyway, I snapped. I broke up with the guy i was seeing, i deactivated my social medias and downed 150mg of valium and some alcohol. I gave my cat a kiss and cuddle and let her outside and Eva stayed right by my side as I fell asleep on her tummy. 
What I forgot until the next day is that when I was taking all the drugs I told a close friend at work what I was doing and he came over and saved me. Im not sure why I told him but he said I wasnt making sense on the phone and I just fell asleep and knew something was wrong. 
I woke up in his house all sweaty and my stomach was so sore. Eva was at the end of the bed and he was in a chair beside the bed. He told me everything that had happened and I apparently begged him not to take me to the hospital and so he just kept an eye on me instead. 
During the last couple of weeks Ive been using my savings to a things Ive never done before, before I try to kill myself again. 
I told work I needed time off and went to a state ive been to a few times and saw a girlfriend I knew and had an amazing time with her. I told her everything I did and she was happy I was trying to do nice things for myself to see that my life was worth living for. I also saw my favourite band play live which was so fucking amazing. I never felt so pumped about anything in my life before like that gig. Ive upgraded my PC so its amazing now and Im going to give to a guy at work who loves gaming but needs a new PC and Ive given a lot of my savings to friends for ""christmas gifts"". I even gave my landlord some candles and chocolate. 
Im really going to go ahead and do this again. Im at peace. After my pill o.d attempt I didnt regret it and I wish it worked. 
Im trying to go back to work so I can have a little extra money to send my brothers before I go and to the guy at work who was with me the night I o.d. 
Im not sure how long until I do this again but I know Ill be gone by the new year. 
Anyway, if youre still here reading then good on you. You deserve a medal. 
Day 3 will be a lot shorter and will be exactly about my day. Im going to go to work tomorrow I think and hope I last the whole day. 
Good vibes you guys.",high risk,False,16676,3433,-0.9177
"I might leave reddit for a while ð¤ð¤ (or maybe forever ð³ð³ð³ very unlikely it'll be forever though ð³) I might, might not ð

Idk if i shooulddd ððð¤ð¤ð¤§ðð¤§ð¤§ð§",no risk,False,197,29,0.0248
"Why hasn't anyone called me out on my bullshitLike seriously, I'm the worst. I have never even been close to having a gf or any real friends, I do basically nothing all day and I have no discernible skills. Why do people insist on me being alive. Why haven't I been executed for my failures. There's gotta be a way I can trade my life for someone else's. Someone battling an aggressive form of cancer would surely be more deserving of this precious gift of life, a life that I had a one in a billion chance in obtaining. I am wasting my precious existence by being a burden to others and not fitting into the mould that I'm supposed to fit into. I'm so drunk rn, can someone euthanize me ",medium risk,False,688,131,-0.4101
this sub is surrealI was scrolling through and this sub is fucked up. A bunch of posts talking about shit that has happened or how people are crying with no hope. and these posts are mere minutes apart without any comments on them. It's like we are all sitting in the same room dealing with horrible fucked up shit and no one is talking to eachother. It's really surreal.,low risk,False,371,69,-0.9769
"Anyone.I feel like a huge cry baby, as I've posted this same message multiple times, but everyday it gets more serious. I'm afraid of myself. I've lost all my ""friends"", the only person I ever trusted to get close to finally told me he cannot be with me and has cut all contact with me, regardless of my attempts to reach out. Every time I go on any form of social media and see him moving on after only a few days after years I want to not wake up even more. I'm an empty shell walking around, and I don't know what I'm suppose to do, and I don't know who to turn to. Every time the sun goes down I become a little more afraid of what will happen. ",medium risk,False,649,131,0.288
"If love is the answer you hold, hold on This is so sad guys wtf 

Iâll miss the shit out of them 

Thatâs all Iâm sayin",low risk,False,125,26,-0.1167
"No rush.I have some stuff i need to get off my chest. First off, i already have depression which went untreated since i was 8(?) And was diagnosed when i was 14. My depression is genetic, and my father has major depression with suicidal something, i dont remember the word. I joined this subreddit to help people with their problems, it helps me forget about my own too. But, it has been getting worse. Ive been taking medicine for 2 or 3 years now. Ill list some stuff.

1. All my symptoms are getting stronger each day
(I dont know how to explain the rest, bear with me)
2. I have had nightmares about what i felt and thought.
3. The mental and physical pain ive felt during that untreated time is coming back, i have panic attacks whenever i think about it. (Im starting to get one now) it hurts, i shake, tense up and breath terribly when i feel that pain again. I hate it.
3. I have attempted suicide before, could never bring myself to it.
4. I dont know how to tell people, i dont know if i should.
5. It's almost like i have ptsd or something. It take me back and i can feel every ounce of pain, emptiness and emotion, starving and not being able to eat, mentaly not there for days. It's strange.

I have some health issues too, mainly my stomach, and we have gone for tests, still trying to figure it out. Thanks for reading this. Im scared, it hurts. If your confused about something, feel free to ask.",high risk,False,1412,269,-0.9973
I can't justify living and unconsciously fuck my life upI'd love it if someone's willing to listen to me. I'm tired of burdening my best and only friend with my suicidal thoughts. I bet he thinks I'm a pretentious attention whore.,medium risk,False,230,41,-0.7184
"What dehell am I supposed to do now? Need best advice ever.Hello, I'm currently have major issues and I can't escape from it. I currently have tinnitus ringing in both my ears and it's loud. I have a fuked up spine where I move around and also I lost feeling down my private area from it. I have hypothyroidism and get depressed. OCD from germaphobic tendencies. No friends or anyone talk to which fine I just block them after they use me and throw me away like a used condom. Everyone in life growing up was super hard on me. I'm tired and want someone love me back. I tried my best and got my bachelors in accounting but still more to go from there. I'm poor so I can't use assisted suicide sadly how expensive it is. I don't know why I'm writing this post I don't know what to do. I'm anxious all the time. Okay thanks for reading.",high risk,False,834,161,0.5717
Need support of a different kindAre there any pro-choice suicide subs? I need help.,high risk,False,83,14,-0.0258
"I don't know what to doI'm currently in my second year of college, but I can't motivate myself to go to class or socialize with anyone. I only leave my apartment when I need to go out or when I go to band practice, which is one of the few things I enjoy doing. I've started to feel like I can't hold on much longer. I smoke weed on occasion and drink very rarely, but I've thought about trying to find drugs like xanax and Valium to make myself feel something. Recently I've started to think about suicide and how it would help me get away from everything. I don't have any emotions except being sad and angry. Today someone walked in front of my car when I was driving and as he kept walking and flipped me off I could only think about how I wished I had actually hit him. People don't follow through with plans with me anymore, I am failing all of my classes and I can't do anything right. It's seems like everything will be better if I just end things. No more worries. No more thinking about my problems or how I'm a mess. Just me alone, not being a burden anymore. For a few weeks now I've felt like I have depression, but I don't know what to do about it. I'm never happy and haven't been happy since I came to college. I feel like an empty shell. Nothing inside except these horrible feelings of pain. ",high risk,False,1309,254,-0.9844
"g*d grant me the strengthFirst of all, my title is shit. I dont even believe in God. If there is a god I dont believe in their ability to rule. They fucking suck.


I digress....I'm only here to say that I dont deserve to be here. All I do is hurt people. I wish I was brave enough to hurt MYSELF so badly that no one else would suffer because of me. 

I dont ever harm anyone physically...but I'm so jaded,  so bitter, so fucked up in the head, that anyone that gets close to be is singed from the heat of my rage. I dont even know what the fuck I'm angry at. I guess everything? I was abused as a child in every way you can imagine and I literally hate myself. I hate myself for feeling so dirty, so useless, so pathetic that I couldn't even defend myself. 
I hurt ppl. I'm. Not worth anyone's love. Ppl always leave because of me. I deserve it. All of it. 
I'm trash. I wish I was brave. I wish there was a god to grant me the strength to end myself....

Sadly..its just me. And I'm no god.",low risk,False,993,199,-0.9941
"Thereâs no point to any of this...I feel like shits never going to get better. 

I think Iâve always struggled with mental health stuff. Tried committing suicide a couple times with I was 16. I started self-medicating pretty heavily with drugs &amp; alcohol. I got sober in February of 2013 &amp; since then Iâve been dealing feelings. 

Iâve been doing therapy a year &amp; half after getting sober. Tried out patient programs, DBT, meds, TMS, the list goes on. 

Iâm tired. Iâm tired of always trying. I want to drink, I donât want to feel. I donât want to exist. 

My life feels super fucked right now. Iâm on permanent disability &amp; canât find a place to live. 

I just donât see things getting better, ever.",high risk,False,737,126,-0.7003
"I don't even know what to say.I don't even know what to say to anyone. What to tell anyone, I can't fall asleep. I hate dreaming. They remind me of the things I lost, the people I failed, and the ones I hate. 

I have this constant heartache that won't go away. I don't want to do anything. Not even lie in my bed and just being there. Staring at the ceiling. 

All is lost. There's nothing left. I wish I could say sorry to everyone. I just want to disappear from this life. I have failed them. I have failed myself. 
I don't think I will regret dying. I just want to go. 23 years. Yeah I guess it was okay. It was fun while it lasted I guess. 

To that one person in my life, I want to confess. Wish you were here with me. You did hurt me. I didn't let it show but yes you did. I know you didn't mean to. I don't see humans as creatures who can control their hearts. Make them do what they want to. I don't know why but I feel hurt to this day because of you.

I wish you were here to hold my hands. I want you to know its not because of you. Its because I failed. I failed. 
This world no longer makes sense to me. I guess it was never meant to be. What's the point of anything anymore. 

My friends are gone, my heart is void of warmth, I never really had a family. I want to call you right now. But no...that will just make you think I did it because of you. I don't want that burden on you. Its been 2 years, it hurts to admit but I miss you. Especially right now. No one but you. 

Hope you live a good life ahead. And yeah to that one friend of mine. You too. Thanks for the company. ",medium risk,False,1592,328,0.9676
"My life is incredibly empty.I have nothing. No friends, I don't spend much time with my family(and I don't want to), and I never really have the chance to go outside. I think my anxiety and feelings of hopelessness are to blame for this, mostly. I don't really see any way out of this shitty life.

Wish things could be better. I truly do.",medium risk,False,339,64,-0.1922
"Justifying my actions to the voidI am 29, I have been successful in many aspects of life, but I have been suicidal consistently for 16 years. I have had no recent emotional shock, no bad breakup or fight, I am not being abused and I have not been, I have not been fired or failed an exam. I have come to the conclusion however that it is time for me to pass.

I have no philosophical belief in the sanctity of life, but I am not a nihilist. I have seen enough of life to know that there is no path I wish to travel or destination which interests me. I am suffering in the moment due to poor physical health and a deep and unyielding loneliness which does not break when I am with my family, my friends or with a lover. Since I can perceive no end to my emptiness, and no worthwhile goal to achieve, I do not see a possibility of meaningful change and no purpose in continuing to exist.

To live on would be nothing more than a favour to those who would be sad to see me go, and with all due respect to them, my altruism is exhausted after so long.

I have sought treatment through every avenue available to me. I spent years on medication and in therapy but neither my quality of life nor my long term outlook were ever improved. I have long searched for tacit permission to end my life but I understand now that it is something no one will ever give so in my final act I will be forced to rebel against society as I see it, to throw away a gift that no one will admit I never asked for and never wanted.

Tomorrow I will purchase the equipment for my chosen method, and tomorrow I will finally know the stillness and silence of oblivion.",high risk,False,1638,320,-0.9578
"I just wanna go on cute dates man I need some wholesome moments Iâm tempted to redownload dating apps but I mustnât again (yet, unless I wanna try to find the guy in one of my classes) 

I wanna go on a picnic or a little walk or a little museum viewing 

I hate how everything is âhang outâ and not specific dates Iâm too much of a hopeless romantic:(((",medium risk,False,364,70,-0.6705
funnyI just had to talk down a close friend of mine and I feel like I cannot breathe I mean it was almost funny because I feel the exact same way as them yet I am saying how much they need to keep on living their life when I do not even want to live mine I vomited after it was over and now I know for sure I will never let anybody know if I ever do it myself I will go somewhere nobody could find me and just disappear in their mind,medium risk,False,433,94,0.8169
"My fish played among us We started out with 12 fish and then one fish mysteriously disappeared

We ignored it bc it was just one fish

Then another one disappeared

We figured out that one of the fish was eating the other ones, hence why we couldn't find the corpses of the dead fish

Then another one disappeared

We were starting to get worried bc we didn't wanna lose all our fish, but we didn't separate the fish up to find the impostor

Then more disappeared until there were 2 left

They were around the same size so we didn't know who was the culprit. One was a black fish and one was a red fish. The red one was always faster than the black one

Then finally one day we only had one fish left

It was the black one

It died a week later",medium risk,False,744,146,-0.912
"I want to die painless and in a legal way(euthanasia)I'm 100% sure that I want to die. Does anybody know where I have to go to receive assisted suicide? I live now in Dallas, TX.

I'm 23 years, male and married. Not sure if any of this matters.

Also are there any costs? Sorry if this is the wrong place to ask this.",high risk,False,317,63,-0.9231
"i fucked up. i want it to stopoh my fucking god, every fucking night, i swear to fuck. i cheated on my girlfriend. she took me back - should be happy, right? yeah. no. lost one of my best friends over something stupid. i have no one to talk to about this because the word 'cheat' makes you a scumbag automatically. and you know what? it does! i kissed another girl because i spent 2 fucking hours away from my girlfriend. and now i have to talk to my family and her family like everythings all peachy while i know she questions every single day why i wasn't strong enough to just say no. 

i don't want to be here anymore. i keep having dreams where i do it again. my head is so fucked up. i love her so much but i know her self esteem is destroyed now and by staying with me she's just playing her. but if she leaves i genuinely think i'll have to kill myself right away. fuck this. every outcome is the same. its just a matter of when i should do it

im going on holiday with her in a week. its supposed to be the best experience of my life but i can't even sleep anymore because of what i've done. i can't tell anyone she hasn't already told out of fear of losing friends. fuck. why am i such a pathetic loser? shes everything i've ever wanted and shes been nothing but lovely. fuck me. shes the reason why i stopped wanting to kill myself and now i'm back to ruining everything good in my life. i self harmed for the first time in 6 years because of this. 

i know there's no sympathy for me but i could really use some support. anything. just tell me i deserve to live for just until i come back from holiday. sorry for the profanity i just want it to end and i dont know who else to yell at",high risk,False,1696,338,-0.9885
"My thoughts eat meMy thoughts eat me

Like a five course meal
I donât taste good 
They throw me out 
Then puke me up 
And step on me

My thoughts eat me

Not a Michelin meal
I was cooked by a toddler
Thatâs why no one likes me
People act like they do
As with the toddlers sand cake

My thoughts eat me 

I treat no one right 
No one treats me right
I want to die 
Iâm just too scared
I only wish, 
That someone cared",high risk,False,422,87,-0.4082
"Hello there! I am bored and I would love someone who could talk with me, just pm me on reddit",no risk,False,93,20,0.5255
"Last night I had a dream It was a very vivid dream. 

One day Iâd woken up just like any day getting ready for school it was the start of a new quarter so everyone got different classes. I looked in the mirror and thought of myself as ugly and inadequate. 

So I went to school I only had one class this quarter and it was e-commerce. There was this new guy though and Jesus Christ he was so fucking hot. 

Since the classes were small due to covid I was able to get to know him quite well. After knowing him my crush on him got much larger but I didnât know if it would ever work out anyways because I didnât know if he was gay or bi and Iâm still closeted so he wouldnât even know. 

We had developed a good friendship over a few weeks in class. But one day he invited me over to his house just to hangout. I of course just said âsure sounds funâ, but when we got there he confessed his love for me. I was so happy. We ended up making out for a while but then I woke up. I checked my phone to see if I had any texts from him. None, none at all we had actually never texted. I checked to see if he had sent me something on Snapchat and Instagram and turned out, he didnât have an account on either. He didnât exist. I cried my dream hadnât come true even though it felt so real. All I want is someone to love and it even manifested in my dreams to make me happy for a brief moment but it was all the same afterwards.

Iâm still depressed and I still have little chance of finding someone.",low risk,False,1511,303,0.9908
"I had such an awful day smh 
Im using my awful day for clout so just push that up arrow please

I woke up 3 pm because iphone alarm clock never went off

Skipped class by accident

skipped exercise because my body was messed up from no sleep

All my grades that had been an A went down because test scores came in as I saw later in the day

My dad saw and beat my ass

Im now too sad while typing an essay that is due by today at midnight

I never enrolled in early college classes fast enough so i never got the classes i wanted (worst one)

I went outside for a breather cuz i was tired of this wierd fucking day. My brother came and heard about my grades and decided that he was involved, so he grabbed my arm and dragged me inside. Never hit me luckily, just spit in my face.

Never told my parents cuz everyone in my house doesnt like me rn

Get me some karma at the very least",low risk,False,882,179,-0.9858
@TinaCook Morning Tina - the fact is we'll do something with it. Wouldn't it be great if it was something BIG?,no risk,False,110,21,-0.5096
why am i so weak that i cant keep up besides its not my new jobs fault thati amfeeling this way so why should i punish them by going on a leaveim supposed to be better than this at this pointi am so terrified of taking stress leave that nowi amstarting to be convinced killing myself is the only option my doctor has me on meds probably because i am crazy i dont know i dont have any friends either or a family support net so dont with that friend shit and all i have is my boyfriend to talk to but this isnt his problem i wont saddle him with my weakness i am a shit person i deserve this,low risk,False,589,121,-0.963
"Antipsychotics make me want to kill myselfI use to love life. I loved yoga and exercising. I loved going for bike rides, eating healthy and going to school. I loved my old psychiatrist. Now I have a new psychiatrist that just forces me on antipsychotics and I think im going to kill myself if this is all there is for me. I can't think straight. I'm getting fat. I don't have the energy for anything. I can't work. What the fuck is the point? If I go off my meds they will just give me a needle in the ass. ",high risk,False,507,100,0.0052
Wait have I actually gotten skinner or am I crazy I can see the bones in my hand when I wiggle my fingers Iâve never seen that before ð³,no risk,False,140,29,0.2023
"it would make things so much easiermy dad has cancer and hes dying and he doesnt give a shit about his health anymore and all he cares about is making sure im okay when hes gone and he keeps pushing himself and he cant recover and if i disappeared it would be so much easier and he wouldnt have to pretend hes okay and he could focus on getting better and he wouldnt have to pretend he still loves my mom and maybe tonight ill be luckier

dear god i hope tonight ill be luckier",medium risk,False,477,95,0.9674
"I (19M) have a closest friend (21F). We don’t really see each other in terms of “older” or “younger,” we just connect really well.

Recently, she told me she felt good after talking to someone else for a while, like it helped her forget her problems. I was happy hearing that, and I trust her completely. But at the same time, I’m stuck with this uncomfortable feeling I can’t explain.

Part of it is probably because I’m very different from most of the people she usually hangs around. A lot of them smoke, do pot, and I’m pretty sure they talk behind her back (and she knows that too). Meanwhile, she’s stuck in this constant loop of bad decisions, and I’ve been trying for a very long time to help her out of it. I care about her a lot, which is why this hits me so strangely.

I’m not jealous, but it makes me feel like I could lose the place I have in her life, even though I know she values me. And then I feel guilty for even thinking that way.

Has anyone else felt something like this before? How do I deal with being happy for her while also feeling uneasy about it—and not let it ruin our friendship?
———

TL;DR: I (19M) deeply care about my closest friend (21F). She felt good after talking to someone else, and while I’m happy for her, I can’t shake off an uncomfortable feeling. I trust her, but I worry about her being stuck in bad decisions and fear losing my place in her life.",no risk,False,1394,266,0.9782
"Depressed or just impatient? I'm  more or less set financially for the rest of my life (only I don't have  a lump sum and it's more like a basic income in amount) and every time I  think I'd like to have the social lives of my acquaintances/friends,  something horrible happens and I think ""Wow I'm glad that isn't me, I'm  really well off"".  Yet I still have the lingering feeling of life not  being good enough.

I could  probably really use some more friends or a girlfriend but even getting  partway there is emotionally and mentally exhausting to the point where I  think it's not worth it.  That's where the impatient part kicks in I  guess.  Heck, if I had more weekly money I'd just hire escorts and/or  strippers and not have enough of a break to tell myself that it's all  fake (Though I did spend some time around a stripper who seemed  genuinely into me as she wasn't interested in money as long as I didn't  come in when the place was packed/she was in a position where she was  losing money by not seeking out a customer).

So, what do you do when someone is absolutely sick of life yet doesn't have the patience or perseverance to make it better?",low risk,False,1161,213,-0.9468
"Depressed Not on PurposeJust sad most days,  I care up to a point. I try but it really has minimal effects on anything. I will myself to keep trying for a job. I have a college degree and a wife and daughter. I'm relatively healthy. My needs are met up to a point. But I just want to quit. I wont obviously but I just crave rest. To have things stop being so damn hard every moment of everyday. I wish things were different. Wishing doesnt solve it but that's the truth.",low risk,False,470,92,0.6141
"This says a lot about society Let me tell you a story about injustice. One day this young latina girl came to the United States. She was looking for a job. 5 years later she becomes successful and gets invited to BBC news to talk about her success. She reaches the BBC news headquaters and 5 men interview her. Instead of interviewing her they start roasting her and being racist to her. She tries to take them on. To learn more information search up ""Young latina takes on 5 BBC"".So sad",low risk,False,487,91,-0.0772
To the people that was about to make their worst and most stupid mistake of their life but yet didn't. Why? I just wanna know your story. I did not do that beacuse my cat came to the bathroom looking for me. Then he looked straight into my eyes wondering what I am doing.,no risk,False,271,54,-0.5245
I'm angry all the time because of having a lot of conflict in the past and people invalidating my feelingsIt makes me want to kill myself when I hear people yelling at me. I get angry all the time and I want people out of my head. IT'S THIER FUCKING FAULT. EVERYONE IS AGAINST ME!,high risk,False,280,55,-0.9568
"Told my best friend I've had suicidal thoughts.It was kind of an accident - I didn't mean to do it. But the cat's out of the bag anyway. She asked me to be 100% honest, and asked me if I've only thought about it or if I've thought about actually doing it.

I ended up lying to her and saying that I haven't thought about doing it. I feel bad. I just didn't want her to worry even more.

She asked me to tell my therapist because I've never spoken about it before. I've been scared and I don't want to be hospitalised. I can also only afford three more therapy sessions so I don't know what's the point in coming forward with it at this point.

I feel like I might mention it at therapy today, but downplay it a bit. I don't think I'm a danger to myself currently. I'm not actively planning anything. I wouldn't do it to the people I love.

I'm just sad I worried my friend. I don't want to lie to her again about having talked about it in therapy without actually doing it.",low risk,False,973,191,-0.9365
"I'm in a lot of pain and I don't know who to tellI've been depressed and contemplating suicide for a little over a year but now it's gotten even worse. I want to tell someone IRL that I want to kill myself but I don't know who nor what to say. 

I can barely talk about my suffering. Help.",high risk,False,289,59,-0.9549
The sky is pretty I guessNature looks kinda cool. I think people just make shit hard.,no risk,False,85,16,0.0534
"Iâm tired of wallowing in my sadness but I canât stop.Iâm constantly feeling down and depressed and I hate it because it feels like the only emotion I can accept. Something good happens? Push away the happiness and be sad. Something exciting happens? Push away the excitement and be sad. Itâs almost like Iâm numb to all emotions but a few.

Itâs been happening since I was 11. Thereâs many things that could have caused this but I donât know what exactly it is. Itâs been worse than ever this year. Iâve started cutting, Iâve been messing up friendships for no reason. Iâm so scared and confused and I want it to stop. The only way out I feel is suicide but I donât want to give up. Giving up is the only consistent thing Iâve done in my life over the years, and by giving up now would prove my worthlessness.

It doesnât help to know that Iâm born in a world where people of this generation might not live past the age of 30 due to things past generations did. I also live in a generation where I feel I wonât be accepted for who I am or who I will be. Itâs getting tiring and repetitive, having the same thoughts over and over again. I wish my mind was blank. I wish I didnât have to think, which brings me back to the suicide topic. This might as well be my last rant, because I feel ranting like this will only make things worse.",high risk,False,1372,257,-0.8936
"I think I need some help.I'm not quite sure why I am posting here but I guess that I am hoping to find a way out other than suicide.  I just wrote my last letter.  I am now 21 and have been depressed on and off since I was 14, just recently ""recovering"" from a 14 month period that was probably the worse I have ever been, to find that there is nothing left for me now: my friends have moved on, my girlfriend left me, there is just nothing left. It feels like I put in all that work, went through all that crap for nothing, I have no reason to be here anymore. ",high risk,False,562,115,-0.813
"How do you cope with the meaninglessness of life?I grew up with a pretty privileged life. I always had food on the table, and got the new videogame I wanted to play. I was babied all throughout my life, never really having to actually do anything hard. 

Now, I'm almost 22 and in college for computer programming because I thought it would be something I would like. I really don't like it at all, it's okay but it brings me no joy. This is my second run at post-secondary school and I honestly do not want to have a job in this field, I just don't like it. But, I just tell myself that every job sucks, and I'm not going to like it no matter what I do. 

I find life so meaningless. Like I don't mind having a job, but it feels so hard to get a job with an actual livable wage. You either have to work extremely hard, or get lucky as fuck and know the right person. Like, I'm probably not actually going to kill myself, but I honestly think about it all the time. I hate being alive, it's full of shitty moments with the occasional happy one that just gets engulfed by the shitty stuff soon after. Like does true happiness even exist? Because I really don't think so. The only things that truly makes me happy are: music, playing videogames and watching movies, but it's insanely hard to make enough money doing something that you love. 

I know I sound like a baby. People have it way worse than me, and fight through it even though it sucks. And I know every problem I have is essentially my own fault for not trying hard enough, but I honestly just don't want to deal with this shit. I don't want to have to work my ass for a job I don't want to do. And do that job for the next 40-50 years of my life, just so I can pay my taxes to a government that's just going to wipe their ass with it. 

I really want to end my life, but the things that are stopping me are: I don't have a gun and probably never will, I can't do that to the people that care about me, and I still want to play videogames. Other than that, I don't really have anything worth living for.

Life is so meaningless. How do you guys deal with thoughts like this? ",high risk,False,2135,418,-0.8942
"Guys help Someone have any idea what this means? A teenage dude called and im talking to a girl and he knew her name and asked me about her. So he just called me up i was like
""whats going on""
""Hey man i gotta question""
""Yea sure whats up"" 
""You know [REDACTED] right?""
""Yea, why?""
""Well like what are you to her, like a friend, are you guys like dating? Whats up""
""A friend""
Then the dude hangs up
WHAT THE FUCK DID JUST HAPPENED??? LIKE I WANTED TO SAY THAT I LIKED HER AND I DATED HER ONCE BUT I WAS NERVOUS LIKE HOW THE FUCK YOU GET MY NUMBER DO YOU HAVE []'S PHONE? WHAT'S GOING ON? I was scared a lil afterwards n my mind was racing dude someone help. (;Åï¹Å)",no risk,False,668,135,0.8392
"I honestly have been worse on the other half of this yearContinuing from the title, this year is a whole spectacular shitshow.

This half has literally been me gaining weight, sitting alone in my room playing video games I don't enjoy anymore on a shitty laptop for 10+ hours a day. I feel like social media is just taking a toll on me too. I want to get away from it, but I keep getting sucked back in. I have no one to talk to online. If even do, they just say something generic like: ""it'll get better"" I feel like it won't. They don't listen to it and just shrug it off.

I don't want to commit suicide, cause of all the guilt on my back. But I've really considered it. Not a first-time poster here. I had posted but I deleted the post, back in May.",high risk,False,753,148,-0.8583
"How to stop being scared of death (hell)?(I posted it here because most of you are not scared of death) One night I thought I'm dying and I was hyperventilating and acting like a suffocating seal and my mother was there and I feel like crying because it's so embarrassing to look back at it. She asked me if I saw something and I didn't saw anything, it's just that I'm very scared of going to hell so when my heart hurts or anything like that I get very scared. I think I will continue being scared of it until science proves that it doesn't exist. But NO ONE alive knows what's after.",low risk,False,586,113,-0.7963
"I found the note my mom left meMy mom has been really struggling with depression and anxiety. She canât live or function on her own anymore so she lives with me and my dad who got divorced when I was 6. Iâm now 20 and home from college bc fucking corona. Anyways she left at like 5 am yesterday and left a short note and all her cash. We called police and spent all day looking for her. I was finally able to track her to a hotel where we found her sitting in the lobby. She was hysterical about wanting to die etc. The police showed up a little bit after us. How pathetic I was able to track her before them. 
Anyways the paramedics showed up to take her to the hospital. I had to go get her purse from her room- the only thing she brought with her. And in her room I found thick computer cords that she took from here to do it. And I found her letter to me. I read the whole thing and I donât know how I can ever be the same. I havenât stopped crying since then. I donât know what to do or how to go on. I have no idea if this is the right sub but I just donât have anyone to talk to about this 
I havenât seen my mom in the person she used to be in years and Iâm just so alone. All our extended family is in another country and I have no siblings. Iâm just so horribly upset. I will never be the same after that note. Her saying to keep whatever clothes I like of hers, how proud she is of me, how she hopes I donât think it was my fault, how I shouldnât feel guilty that I didnât get to say good bye. How do I go on after all this. I miss her so much but sheâs nothing like who my mother was. Iâm so sad I canât stop sobbing",low risk,False,1658,342,-0.9873
"Writing something positive about my day, day #347 Finished off another dinosaur Iâm crocheting",no risk,False,96,14,0.5574
"I need help (not as major as the other posts here)I just wanted to start off this post by saying I am sorry if there are typos or this seems unorganized, I am ADHD and have poor fine motor control in my fingers, and that I am also young (in high school) I will now begin.
My life seems ok and at times it's alright and I do enjoy life sometimes,however my problems seem to greatly outweigh my enjoyments in life, (also before I get fully started on this I just wanted to say I'm not on the verge of suicide but I feel like this is the only place that I know of on where I can talk about this) each and every day seems very difficult and almost always involves a form of either embarrassment to me or someone Im with/near or me feeling so very guilty over something I did, whether it was that day or another, it always seems to come back to haunt me. Usually the guilt I have is when I say something terrible without thinking, trying to do something and help that I don't know much about and I just feel as though I can't help but always screwing up, it just feels like each day is part of an endless cycle of guilt, embarrassment and sometimes pain, I have never committed a crime, or done anything illegal I have been raised in a nice home with loving family members that I am grateful for, however it also makes me feel even more guilt when people compare my ""problems"" that they apparently know, to someone that has it worse then me, it's almost like ""since your problems aren't as terrible as these problems, they are basically irrelevant"". I have talked to a psychologist, but not about these things, but rather to get diagnosed with ADHD, so I could get an IEP (individual education plan) even though this makes school easier I still find it hard to make it though each school day only to go home distract myself with a small amount of enjoyment before I then do more work until I procrastinate for a while and then go to bed. And thus the cycle, continues except this time an assignment is late, which adds onto my already stressed out mind. I will now talk about more specific recent mistakes. Earlier today I was on this sub Reddit attempting to help a person who seemed certain of committing suicide, and I desperately tried to help them, but it turned out that lie usual, I was t good enough and all of my efforts were for naught. When I tried to help, every time I would get corrected it would make me feel worse about myself and how terrible I am at everything I try to be good at. All I want to do is to help people, but at this point I don't know if I can because of how terrible I am with everything I try to be good with. Part of me is determined to live my life all the way through, but another part of me feels like I'm so much older than I am because each day with this cycle feels so long and deliberately difficult, that it's hard to tolerate, at times I feel broken, that there is nothing that I can do, and I just feel like I'm nothing, like I'm worthless, and to be honest, other people around me are somewhat supportive about many general things, but it pains me to know that they will never know the mental pain, that I keep  having each and everyday, so please respond and give some advice, I know this doesn't seem major enough to be put up on here but I feel like I have no where else to go. So please help me, I will take any suggestions.
Please refer to me as ""Ben"" in the comments.
",high risk,False,3415,660,-0.8749
"I can't logic myself out of this anymoreI used to be able to talk myself out of this with logic. I would say that killing myself is the ultimate gamble, that it's making a massive bet that life will never get better. I would say that even if life got marginally better, it's better than ending my life.

What I conveniently forgot with this line of thinking is that the gamble works the other way. Choosing to survive is a bet that life can and will improve. Just as large a wager.

My boyfriend cheated on me. Pretty monumentally, too.  With two people. And I was the one kept a secret. I posted about it in /r/relationships under a throwaway two weeks ago.

Here's the thing. I'm a good person. I'm a teacher. I work with refugees, with impoverished kids. I spend lots of my own money and time on them. I can choose a delicate kind word for anyone. I go out of my way for people. I fight for justice and fairness all the time, even at my own cost. I don't steal, lie, cheat, or hurt anyone or anything. I have tried to live my life under the assumption that it's the path to happiness, that being kind to others and giving of myself is the best choice, the one that will bring goodness back to me.

But he got away with it. I continue to be a secret and no one he knows will believe me; I am seen as psychotic and I just want validation, for proof that I dated him for 13 months from someone that knew him. He hid me, he was embarrassed of me, he was ashamed of me. And he gets no punishment.

How is that fair? I know life isn't fair, but that's what has me so shattered right now. I don't miss him because I just can't, but I'm just so furious that I get to continue to suffer, to be hidden and embarrassed of myself.

Did I mention I'm also diabetic, have Asperger's, ADHD, anxiety, dermatillomania, and depression? Yeah I'm a fucking piece of work. No wonder he was ashamed. ""Here's my girlfriend, the fucking head case. She can't read people and she's super naive, so keep all my other girlfriends a secret, okay?"" 

I know, ""woe is me,"" and all that. But I look at the world and I see my students who have gone through trauma - real trauma from refugee camps; I look at myself, who has never ever been able to trust anyone because something goes wrong. There isn't justice, there isn't fairness, there isn't equality. How am I supposed to look up from my feet and out into a world that seeks out the most vulnerable and crushes them?

I have a box of fresh bolus insulin. It is the fastest. ",no risk,False,2499,478,-0.9922
"I have no will to live.Hey, I'm fairly new to this subreddit and reddit in general, and I came here for the sole purpose of venting. I'll just get right into it.

I'm basically only alive out of obligation for my parents and siblings. But before I delve into that, I should probably describe myself. I'm short, overweight, and have no relationships outside of my family. I'm an utterly hopeless, cowardly, depraved piece of human garbage. I'm afraid of practically everything, and that's not much of an exaggeration. I talk to myself because I have no friends and doing so sometimes makes me feel like I have people to talk to. I'm in a college that I didn't want to go to, studying for a career that I don't really care for. Then again, that doesn't matter much because I have no clue what I want anyway. I have no talents, hobbies, or interests. I complain about never having time to rest, but when I do get time, I overwork myself instead. I work a dead-end, shitty retail job. But I guess that it's a perfect job for someone with no motivation to do anything. I used to play video games, but I don't even do that anymore. I whine about not having friends, but I'm too afraid to try and make friends.  I complain about everything, but I never try to change anything. I'm 18 and I already feel like there's basically nothing to look forward to. I constantly, *constantly* think about killing myself, but then I have to remind myself that my parents and siblings would be upset if I died and that they still have expectations of me. Expectations that I can't hope to fulfill. I'm planning on just waiting until my parents and siblings die so I can finally end my miserable, useless life without anyone to remember me. Luckily I'm the youngest child, so I only have to wait a few decades. The fact that I didn't feel a shred of anything typing that out is probably concerning. 

In conclusion, I don't feel any desire to live for myself in any capacity. Sorry for the length and any spelling errors.",medium risk,False,1999,365,-0.9964
"alonei am writing this drunk right now

its my birthday today 

i havent been to a normal school for 2 years now since i was 16, im 18 now

the past 1 and a half years i have been alone

the past 4 months i was in a mental hospital, because i didnt attend school, due to depression

i have written an application to every school in my proximity 

they all declined

the loneliness is taking a huge toll on my mental health 

yet not even the authorities are able to find me a place in a school

i have been thinking alot about leaving society and living far away,

since noone seems to care about me anyway

i dont know what to do

it all seems so hopeless",medium risk,False,656,129,-0.863
"iâm bi, which mean iâll still your girlfriend AND your dad... just kidding, i am a lonely introvert with no friends, iâm really just bi myself",low risk,False,148,26,-0.5653
.i swear to god Iâm at my motherfucking limit I just wish I had a fucking gun to make this so much easier because Iâm such a pussy. I just hope I wake up one day with a terminal disease or just not wake up at all. Someone please kill me,medium risk,False,240,51,-0.081
"I have no idea what I'm doingI don't know why I'm writing this but here it is so if your bored please do reread it if not don't waste your time

I don't know what to say 

I've lived with depression for 5 years about but recently after my 18th birthday it seemed to go away and not just for the average two days or so when I noticed it it had been at least week since I'd felt like nothing was worth doing and that I wanted to die
and I missed it maybe it wasn't even gone I just didn't feel much of anything


anyway I'm probably rambling but this morning I didn't really feel depressed but as I was putting out hay sitting in the tractor it gave me plenty of time to think and I decided  and started planning to end it this evening I've never felt so detached about it

being a christian although I'm not even sure of that anymore I'm not sure of really anything if I just had a purpose 
but if I do I dont know 
if I have a purpose but don't know what it is then I really am a waste right

I dont know what to do",low risk,False,1015,209,-0.971
"I had it pretty much planned out. Not sure if it would've worked for sure but I was hell bent on trying that weekend. Right before I was about to my ex texted me. I had reached out to her the day prior to see how she was doing with things. I just wanted to make sure she was okay before I went through with things. We had pretty much a meaningless conversation that didn't go anywhere but it was enough to make me feel conflicted about doing this so I didn't actually attempt.

On one hand I'm beyond grateful she saved me and I wish I could hold her in my arms again...she probably didn't even know how much of a difference she made. That all being said it feels like it prolonged my pain. I still continue to cry every day and want this pain to end. These days haven't been any easier and I wish she never responded to my text because I had made peace with dying that night. I feel like I can't tell anyone how bad things have gotten so I have to continue to suffer alone. I'm sick and tired of being sick and tired....

Now my dad is in town which is going to make attempting difficult while he around. Some stuff with work requires my help next weekend so I can't disappear then. So I gotta wait at least two weeks until I can get the chance to properly try. My ex seems to be the only one who could save me but I'm not gonna reach out to her this time. She seems to be doing well and that's good. I got my answer so I can die in peace when the time comes...just wish it was sooner....",medium risk,False,1489,298,-0.0396
"I don't want to live my life if I can't be happy being gay. I want to forfeit.I've struggled with this for 20 years, and don't see how I can continue on ""going through the motions"" while being dysfunctional and miserable. I'm reluctant to apply myself or invest into the future or long term plans. I've never been in a relationship, but have already been burnt by hooking up (HIV poz, one of only 3 times I wasn't safe). I'd rather cut my losses. It doesn't ""get better"". I don't want to be alternative/deviant/outcast/abnormal/reject or in other words queer.

I come off as lazy, though I'm accomplished when I apply myself, and in reality rather than lazy it's a constant nagging persistent pervasive feeling of being demotivated by the thought of any conceivable future as who I am.

I'm a hopeless romantic and would love to be head over heels with a beautiful wife and build a life together committed to each other, proud to be wedded to her. I can't see that happening with who I desire sexually, which seems to be straight boys. I recognize this is a problem. I think I want a macho guy to show me the way and I'm attracted to guys more masculine than I am. I think this is rooted in wanting to be able to have a paramour secret romance and come off as nothing more than good friends, not detected as a homosexual couple because one or both are flamboyant or ping the gaydar. I also am dissatisfied with myself and living up to what a woman who could have any man would desire. I feel there are more guys ""I'd go gay for"" than compatible girls I get along with that I'd ""go straight for"".

I've had a turbulent lonely life, dropped out after 1 year of college, in a few years I will be past my prime, and working in poverty drowning in debt while resenting my sexuality doesn't make me want to get out of bed and work towards that future. Existing isn't living. I can't see myself being happy and Out.

Idk if this is just me talking to myself or if anyone can help.
Tl;dr I'm at rock bottom mentally financially spiritually familially socially and other than a miracle soulmate or non sexual sugar daddy I can't see any light down the tunnel.",medium risk,False,2150,398,0.9667
"trying to avoid making a plan

Iâve attempted suicidal twice and both were obviously unsuccessful. Iâve been suicidal since I was 13 and itâs never gone away. I never thought Iâd make it to 22, I never made a plan for my life because I just assumed Iâd die somehow or kill myself. Now Iâm here, almost 23, bipolar and on medication and everything is supposed to be better but itâs not. 

I have over a thousand dollars in the bank and Iâve been thinking of just dropping everything and taking a plane and just killing myself somewhere beautiful where no one will find me. I just want to not feel like this. Thereâs too much pressure and everything is too loud and I just want it all to stop.",high risk,False,709,130,-0.9644
"I wish I didnât have any good reasons to live so I could kill myself easieritâs really hard I want to die from my mistakes, and how much I hate myself, but I canât kill myself because  of my family and how lucky I am. My ego hurts, people hurt me, and I feel hopeless, super high expectations but it was all I cared for cause Iâm insecure. I really donât want to be here though.",high risk,False,388,76,-0.9449
"Help me tread water* I'm not actively suicidal, and I am afraid of self-harm.
* I still find a way to enjoy simple things, however I am extremely unmotivated and in the ""what's the point?"" mindset. It has been this way for a while and March will be the 10th month.
* I gave up my job 2 years ago, been working part-time and currently at a low of about one 10-12 hour shift per month. I hate my job/career, it is people-intensive and there are no adequate breaks, lots of physical and emotional burnout even after one shift.
* Living at parents' home as a 35 year old

At least it's sunny today in this ugly rat-race gray winter city...I'll be taking a walk to the park with my podcast. Not in any kind of therapy or counseling.

Besides that...what do you recommend to tread water, push through the dark phase? I've been hoping and waiting for a sense of motivation and purpose to come back, I still get hit with crying spells (of guilt and sadness) from my partner leaving me last year.",low risk,False,987,185,-0.434
"My situationBonjour, j'ai 17 ans et depuis longtemps l'envie de me suicider pourtant je ne suis pas ""hyper"" triste (douleur de 4-5/10). J'ai fais une tentative il y a moins d'un an et aprÃ¨s avoir pris du recul je me suis rendu compte que ce passage a l'acte Ã©tait juste un moyen de dire Ã  ma famille que j'ai Ã©tais manipulÃ© et pour en quelque sorte condamnÃ© socialement la personne (de ma famille) et annoncer son danger Ã  mes proches, malgrÃ© cette idÃ©e folle j'avais quand mÃªme envie de mourir. Comment pardonnÃ© cette personne (sachant que je ne peux pas l'""attaquer"" frontalement car je sais que elle va nier...) Le plus chiant dans cette histoire c'est que mes parents me prennent maintenant pour un salaud (Comme d'hab le manipulateur te fais passer pour l'agresseur) et je suis obligÃ© de partir en vacance avec !!!bref j'ai l'impression que quoi que je fasse elle me fera chier jusqu'Ã  que je tue pour de bon (car aprÃ¨s ma tentative elle continuait !) Je ne sais plus quoi faire.",high risk,False,998,175,-0.8209
"Iâm in pain Iâm in pain

I was literally crying and shaking,I could barely breath

It all started by my mum forcing me to open the door while I bath,I told her I feel insecure and want her to close the door,but she insisted to watch me bath,after that I told her that I want to talk to someone about it because I donât feel good ,and then she ignores my reason and just shout at me at a really loud way,people six blocks over can hear her,after that I was crying really hard,and then I started to cry more and started to shake when my dad said some really hurtful things and I barely can breathe when my mum said that she want my dad to bring me back to China and that she doesnât want to see me.I could speak for more than ten minutesï¼and she blamed all the bad things to me and think she did nothing wrong at all


I feel really unhappy",low risk,False,848,167,-0.982
"Post nut clarity hits real hard for people allergic to nuts, they finish eating a peanut and suddenly realize they bouta die. Sad",low risk,False,129,23,-0.8481
"Fuck lifeHi guys... I'm suicidal as fuck and literally can't do life any more. I bought a rope to make a noose but can't work out how to make a noose.... does anyone have any tips? also, whenever hanging - how do you do it? do you put the noose around the neck first then string it up or do you hang it then pop in the noose?",no risk,False,325,68,-0.7776
"I donât know how to say any of thisHey, Iâm new to Reddit just for this. Thought about how often I find good advice on here. Not asking for advice, but I think it may help to just blab.

Iâm 19F, and struggled a lot as a younger teen. Like. A lot. I was in and out of foster care because I was always suicidal and my family didnât want to deal with it since around age 13. When I turned 18, I suddenly just mellowed out really hard out of nowhere. Iâm not sure if itâs numbing or not, but the change was drastic. As a younger teen, I was crying every day and arguing with anyone who I felt was being unfair to me. Now, I cry to myself in my car every day on the way to work really softly for some reason and if someone is being unfair to me I let them walk all over me and cry about it when Iâm alone later. I never feel the urge to talk to people or make connections like I used to. Itâs rare that my sobbing sessions are intense anymore, but it hurts the same. I feel like when I was younger I could make friends a lot easier, even with me moving from school to school so much. Now I feel like I canât make any connections, and everything I say is obnoxious. Iâm working full time as a vet assistant and I feel like Iâm horrible at everything I do, and I feel like everyone I meet learns to hate me very quickly. I donât know what happened to me, but I almost miss being explosive even if it was painful and put me in bad situations. 

I have no one to talk to. My grandfather died very recently from covid, and my grandmother pretends I donât exist. My dad has always been really aggressive and I canât ever find the energy to talk to him because I know everything he says will be passive aggressive and make me feel worse. I sense that my entire family holds a grudge against me from when I was a teenager and struggling so much which âmade them look badâ. I donât feel like my family even loves me anymore. 

I feel myself slipping away I think. I donât feel like myself anymore. Iâm very alone, and looking back on my suicidal feelings as a younger teen almost feels like a joke now. Iâm barely registering anything that should bother me individually. Itâs like one big clusterfuck of âbadâ. I keep thinking about what would happen if I offed myself, and all I can think of is my family mourning me for a few weeks and no one remembering me after that. If I die, Iâm sure no one would really care. I feel unbelievably hopeless, and itâs getting to the point where I almost canât imagine having anything worthwhile to live for in the future. I feel like Iâm doomed to feel this way for the rest of my life. I wish I could be myself again. 

Enough of my weird rant. Thank you to whoever managed to reach the end of it, I hope you guys find your peace too.",medium risk,False,2814,545,-0.993
"Just some thoughts...I never thought Iâd ever truly understand how someone could want to end their life. Well, I get it now.  

I survived a lot of childhood trauma, a deployment with the Army and 10 years working as a paramedic and while I went through some bouts of depression I never truly felt like ending my life nor could I understand how someone would.   

The past five years of my life have been by far the best. I have so many amazing friends who support me and Iâve experienced success financially and with my career. Iâve been truly happy for the first time ever. 

Then about 9 months ago, I had a severe panic attack for no reason that has led to a crippling cycle of anxiety and panic. Countless ER visits, multiple primary care providers, specialists to rule out medical conditions, countless antidepressants/anxiety meds that just make everything worse for me and counselors...all who canât or wonât help me. The common answer is âitâs just anxiety.â 

This has of course caused so much depression and hopelessness. I have been on leave from work multiple times, canât hardly drive anywhere, canât enjoy time with friends and Iâm so sick of trying to hold in my panic and pretend like everything is okay. Itâs exhausting. 

I have so much support. People care about me and depend on me. I definitely do not feel worthless but I am beyond miserable and do not want to live like this anymore. Each and every day, the option of not living starts to look like the best and/or only option. I fought so hard my entire life and made it through so much yet this is unbearable. Why would I want to continue living while being so miserable and unhappy? Like whatâs the point? I want to live and I want to live happy, free of worry and anxiety but hopelessness is an awful feeling. 

Itâs amazing how alone I feel while not being alone at all. All these people who love me, care for me and support me yet Iâm so very alone. 

Iâm definitely not actively suicidal. Iâm just thinking out loud here...I completely understand what it feels like to not want to live and itâs awful. 

Anyway, I hope today is a âgood dayâ and I hope itâs a good day for yâall as well. Letâs all keep fighting and try to live another day. If not for ourselves but for those who love us.",medium risk,False,2314,414,0.9902
"Comrade Creek discord server!! If anyone is seeking a comfortable, relaxing, funny at times server, let me know! 

This place offers support, art, gaming, and more stuff. For anyone thatâs lonely or needs a place to chat with people that donât know them yet, this place is it. 

Additionally, we would love to have yâall. 

- Bree â¤ï¸",low risk,False,343,58,0.9182
"aha dont be sad you're so pretty there's no punchline, show me them tiddies ð³",low risk,False,80,15,0.5549
"goodbyelife is fucking retarded. i cannot fucking relax, everyone and everything just keeps fucking annoying me, i keep losing at everything. its all complete fucking bullshit. its the same every single fucking day. and now that school is starting and i need to move to a different city, i just dont feel like living. im extremely stressed, and my parents are doing the opposite of helping. it feels like i wasnt supposed to be fucking born. i just keep losing, i keep getting beaten down, i cant get up anymore. ill just finish myself off",no risk,False,539,95,-0.9739
"I donât see it getting any betterIâm 20 years old and an alcoholic, I donât want to talk to my friends I know theyâll be better off without me. A few years back I slept with my brothers friend while I was drunk and I think I told him the other night but I canât remember and itâs giving me really bad anxiety. 
I donât like being sober and I donât like being alive. I want it to be over so bad, but my dad died in January and Iâve been only alive because I donât want to put more shit on my mum. I donât see any future and leaving the house seems pointless. I just donât know what to do anymore dying seems like the only way out I canât keep living like this, every time I go to therapy I leave most of what Iâm going through out because I donât wanna be a burden to anyone. I DONT KNOW WHAT ELSE TO DO.",medium risk,False,833,167,-0.6038
"I tried my best and I thought things were going to be different but I fucked it up, I'm done tryingI've been depressed my entire life. When I turned 20 I was an angry, emotionally undeveloped ball of self-hate. I'd lash out at anyone who was close to me when I was upset. I hurt a lot of people, myself included. I thought about killing myself everyday, and I attempted to do so twice. 

After my last attempt I met someone who inspired me and made my life so much better. I worked on myself, I improved mentally so much and I was so proud. I learned how to communicate with my emotions. I made the decision to make my life better. I made plans for the future for the first time in my life and actually looked forward to them. I was going to have a house with a garden and kids, I was going to be with the person I loved. My career would get better and I'd have a job where I mattered. I believed all of these things. I wanted them all because this one perfect (in my eyes) person loved me.

Today's my birthday, my SO hasn't messaged me a single time and I'm sure at this point they turned off their phone after I tried calling them. The last messages they sent me were perfectly normal but it's clear I've done something and they hate me. My job is pointless and no one would notice if I never came back. I hate the town where I live, but I'm too chickenshit to move because I know I'd fail by myself in a larger city. I hate myself. I must be worth hating because the person I love thinks I'm worth throwing away without a single word. 

My life is never going to happen, I used to 'joke' when I was a kid ""I'm not going to make it to 30 because I'll have killed myself by then"". It turns out I was right. 

I had a trip booked for christmas, I'm considering rebooking it to leave asap and quitting my job. To everyone I know it'll just look like I disappeared and they won't know how much of a fuckup I am.",medium risk,False,1910,378,0.4947
"Iâll be dead before the end of the week at this rate.I canât get in control of my thoughts. Iâve been trying to stop drinking, today I havenât drank. I stopped eating a couple days ago because I thought that would be an easier way to go out. But Iâm realizing I donât know if I can last that long. Iâm so alone. My best friend is sick of my depression, I have no family, Iâm living with friends because my roommate kicked me out. Iâm barely making ends meet whatsoever. All I did was come home and drink and hope Iâd wake up and it would be a bad dream. But now that Iâm sober all I feel is the pain, and the hurt of a broken heart. I just want to die",high risk,False,673,134,-0.939
Feel like Iâm the worst person out there at times I donât know what Iâm doing with myself my councillor appointment got cancelled my best friend saw my scars and asked me while I was on FaceTime with my boyfriend and honestly I donât think I can be fixed I donât think Iâm loved nor cared about sometimes it would be so nice to be dead u know? Iâm damaged so much Iâm useless I was pulled out of class today asking if I âcut myself â they couldâve dealt with it better and using a different word for it not oh r u cutting it just puts me off and it makes me useless even more maybe Iâm just not cut out to be alive anymore Iâm being lied to Iâm running back through memories all over again!! And I canât get rid of it would anyone love me enough if I had a disability? Would anyone love a chubby girl like me? Would anyone wanna ever date someone like me? I donât think so..always getting bullied always getting it when I get home Iâm now changing and I donât know what to do I go to bed I can NEVER sleep! I get about 1 hour sleep then I wake up struggling to breath I go to school and have panic attacks I freak out so much Iâm not wanted and Iâm starting to think there right Iâm pathetic that doesnât belong here I never did and maybe now itâs time Iâm half way from it just fingers crossed itâll be over soon enough hoping itâll be my very last day of survival hoping I never have to go through hell again bc I donât think I canât make it any much longer ð­ goodbye.,no risk,False,1529,297,-0.7185
would really apreciste someone is actually online pleaseI feel like everyone is fucking disappeared am I the only one even alive in this reality is everyone just gone I'm so alone and hearing people talk is just background noise,medium risk,False,228,39,0.0749
"The idea of the rest of my life depresses the fuck out of me...If I just picture my life.... I want to start crying. Seriously? This is what life is? Go to school for 12 years, college for another 4 (minimum), get a job, work, and pay bills until I die? Seriously? This life is fucking bullshit. Why the fuck should I stick around for THAT lollipop triple dipped in hell? I'm just so done...",low risk,False,391,75,-0.9839
"Iâm tired of being worthless, Iâve never wanted anything more in my life than suicide. Iâm tired of being seen as faking these feelingsOnce the lockdown of my cities area is lifted. I can have time alone to successfully exit this world without being seen",high risk,False,260,45,-0.93
"i'll be gone soonmy lease on life is up. i'm tired of giving myself extensions even though my life keeps getting worse. i should've died years ago given these circumstances.

i've been saving my antidepressants for this moment.. hopefully it's enough. i think it will be.

i'm not sure if i'll make it to heaven but i hope if god is real he'll let me in. i don't want to go to hell when life on earth has been this bad.

i'm snuggled up with my dog and i'm ready to drift to sleep and not wake up. if all goes well i won't be checked on until much later in the afternoon tomorrow.

i know it doesn't make sense for me to post this and leave but it's comforting me. so thanks for letting me share this.

goodnight everyone.",medium risk,False,722,140,0.7382
"Reaching my breaking point.7 years ago, I met a girl who I instantly because best friends with. We were inseparable. Together every weekend. Together every single day of the summer. Eventually, we became more than friends. Everything was great until 2 weeks ago when she started spending all of her time with this new person and would barely talk to me. When I asked her about this, she got extremely defensive and told me she doesnât want to be with one person all the time. I tried to explain to her that I felt like I was being replaced and if she was going to leave me I would rather her just tell me than to ghost me. She insisted that she wasnât leaving me and that I was just being crazy. I stayed because I had no one else. She was my entire life. My days and nights revolved around her. She hurt me worse than anything or anyone else before and I let her.

I found out that she had been sporadically texting her ex throughout our entire relationship. She apparently told him that being with me wasnât âfunâ. Their relationship had been off and on for about a year and during one of the off periods, he got another girl pregnant. She broke up with me for him and is now planning to raise his child with him. She was also talking to other guys, which I found out through her mom. I also have reason to believe that she went on a date with one of them.

She texted me a few days after the breakup and I didnât respond. She hasnât tried to contact me since. Sheâs busy with her boyfriend and her new best friend. It hurts so bad that after 7 years she just threw me away like garbage. It hurts that Iâm hurting and she doesnât give a single solitary fuck. I feel so beyond betrayed and lied to. Iâve seen her around campus and she looks me directly in the eyes and smirks.

How could someone that I loved so deeply betray me like this? I now realize that she never loved me. She never saw me as anything other than a time filler while she convinced her ex to get back together with her. She lied to my face and I believed her. Thatâs what hurts the most.

Iâm at my breaking point. I barely have the energy to go to class anymore. My mom has a new boyfriend and doesnât care about me anymore. I have no one except my best friend who lives 400 miles away and would probably be better off without me. Iâm tired of just existing. My life doesnât get better, it just gets worse. I am all alone. Iâve been seeing my psychologist, but itâs not helping. Nothing does.

I donât know what to do anymore.

TL;DR: Best friend/girlfriend of 7 years betrayed me. Feeling hopeless.",medium risk,False,2610,492,-0.6691
"would this work? read below i have a plan to make a quick buck or two. if i go buy a case of pop(soda) for 8 dollars and sell for 10, i can buy more pop(soda) and pocket the two dollars. theres also another case of pop(last time, soda) for 6 i could sell for 8. if you need more details to see if this would work, comment. but i want to see if you guys would go for it.

info: i live in canada and the more expensive pop is coke and the lesser is pepsi.",no risk,False,453,97,0.1154
"I’ve been in a relationship for several months now. It started as a friendship without any particular emotional involvement, but over time I began to develop feelings and realized that I wanted something more. She, however, was still emotionally tied to an ex who had dumped her, so I was well aware of the risks.

In any case, she felt attraction towards me, so when I tried to kiss her she reciprocated, and from then on a real relationship began. Unfortunately, she often has relapses regarding her ex, meaning she thinks about him and becomes sad. At first, I endured it, hoping that she would eventually forget him, but after yet another relapse when she ran into him on the street, I realized it would be pointless to try to be her partner under these conditions, and I pulled away, she cried and tried desperately to get me back.

  
After some good moments things weren't good since I felt she was distant sometimes, typical of who is still emotionally unavaiable, so I told her that it wasn’t the right time for us and that it would be better if we each went our separate ways — so that she could process her past and I could move on with my life without being stuck in a stagnant relationship. 

At first, she agreed to the separation, but then she called me back, reached out again, and told me I was too precious to lose, asking me to be patient.

Now I find myself in a very difficult situation, because even if I tried to block her, she would find other ways to contact me, or even come to my house (we live close by in a small town, so it’s impossible not to run into each other). She has a very sweet and serving personality which doesn't help since I am not able to find an excuse to hate her and move on easily.

I don’t know whether to wait and give her a chance — with the risk of getting hurt and being unhappy — or to disappear completely, cutting all ties and finding a way to distance myself from her once and for all.

  
TLDR: I am rebound guy, she ask me for time and she doesn't want to lose me, but I am not happy with the relationship.",medium risk,False,2065,390,-0.9491
"iâm just looking for a reason to stayAround a couple months ago, I decided I would live until 20 years old. This is because I have a âfriendâ (idk anymore) in a country where the drinking age is 20, and I told her Iâd take her out to drinks one day. Besides, itâs about 5 years from now â if life really couldnât get any better in 5 years, I might as well be dead.

Tonight Iâve realized I kinda fucked up my life worse somehow. Itâs true, everyday I spent time in my bed, living in a fantasy world, crying and wishing things were different. It felt like I couldnât do anything.

My mom came into my room a couple minutes ago, and she laid down the cold hard truth: none of my friends are texting me because they no longer care about me; that theyâre moving forward and I should suck it up and move forward too. Iâve always tried to explain to her that I really just canât suck it up â I tried to ignore my feelings at one point and it made things worse.

This is my fault and I know it. I want to say âI want to see a therapistâ, but I donât know if that therapist would call be a BS liar faking depression and tell me to suck it up, too. I want to tell my parents my honest feelings, âI canât work hard because I really donât see a future beyond doing one thingâ, but itâs just painful and I hold it back.

There are some sleeping pills next to my bedside, and maybe Iâm just looking for reasons not to take them. Iâve messed up my life so badly and I donât want to face tomorrow. I have no one else to talk to, so Iâm sending it here.",low risk,False,1589,310,-0.9909
"There’s no help, no one can help, no one is willing to. Life is meant to be lived by one person, everyone else is ancillary. And I don’t think I should live anymore. I have no hopes of having any will or reason or motivation to live. Deciding to die is seemed as cowardly by many, but they don’t understand what it feels like living everyday knowing you’re nothing but a burden to those around you. Absolutely worthless, a pawn in the game of life which is unfair. This is not a complaint, life is unfair of course it is, and you need to know how you live that unfair life. Unfortunately, I’m not one of them. I have failed at every single thing in my life. Relationships, friendships, being a daughter, college, employment, social media you name it. And I absolutely cannot take the pain anymore. Everything hurts, every part of my body is in excruciating pain, physically, mentally. So I’m done. I do not wish to be a burden. I do not blame anyone else for this but me. I maybe could’ve done things a better way, maybe it would’ve turned out to be different. I love my parents and my boyfriend. I hope they know how much I love them and wouldn’t ever want to hurt them. I’ve attempted before but never succeeded and a couple of times chickened out. I don’t know what’ll happen this time. ",medium risk,False,1290,240,-0.9656
"Iâm meeting a new therapist over Zoom in 7 minutes. Iâm more excited than I should be, I might update later to let you know how it went. This thread is more for myself than anyone else, because probably no one cares lol",low risk,False,223,43,0.2054
"33 Male Epileptic and Unemployablenot sure what to really say I just need somewhere i can say this without freaking someone out - Im just a failure at life overall -i gave it my best and my best just wasnt good enough  I come from a crappy little no-horse town in Southern WV, I was always the ""smart kid"" and never really fit in there though. Mom was a hippie and everyone thought she was a witch (its a very small and backwards place) and my having seizures as a child only made that speculation and harassment worse. Thought i would go off to college and make something of myself but it didnt really work out that way.   several years ago I quit school and moved back in with my parents -after a long illness they passed away - mom then dad just under a year later. After that I moved to a city looking to start over and find work but i have Temporal lobe epilepsy  making me an  unemployable waste.   looking for a job with epilepsy is completely fucking pointless 

 from wikipedia - ""Stigma alone can make it more difficult for people with epilepsy to find jobs. Even if one's seizures are fully controlled by medication, or if the condition has been completely cured by surgery, many employers are reluctant to hire a person with epilepsy.""
 they have a gift for understatement 

and more importantly ...""In the United States, while the Americans with Disabilities Act does not fully protect persons with epilepsy from discrimination in hiring practices, the Social Security Administration only considers people with epilepsy ""disabled"" and thereby eligible to receive benefits if the condition severely limits one or more major life activities. Employment may be hard to find or perform for many people with epilepsy, but not all are eligible for government-sponsored disability payments.""

so we're not protected by the ADA -AND not ""disabled"" for purpose of receiving disability benefits -how they can say I'm too disabled to drive and somehow still not ""disabled"" is a farce. and although I'm not ""required"" to disclose -not having the licence is an immediate give away and they ALWAYS ask no matter what the law says - if I lie about the reason and they find anti-seizure drugs in pre-employment drug screening (which they always do) OR I slip up and have one at work - they fire me for lying on tha application, and if i dont lie - I never get hired in the first place and they make up or don't disclose the reason or like the amusement park they give me a letter that no doctor will sign (and they KNOW no doctor will sign) absolving them of any responsibility. I'm tired of bullshit like that receptionist at the Dr Geiger's (dentist i tried to go to - still havent gotten any dental care at all a year later) office running me off after he refused to treat me (I had money - he just refused to treat an epileptic -shouldn't have been honest on the ""any medications"" part ) then his nurse said ""people like me shouldn't be allowed in public around ""normal people"" or the horrified looks (best case) or threats and harassment from strangers if I DARE to have so much as a 'tic' in public. 

I just dont want to be a burden my sisters  simply cannot afford to keep me up indefinitely  and i hate how im just never going to be able to have a life. no wonder the women ive been with have been physically abusive im fucking pathetic if i didnt live in the first world id never have even survived to adulthood. hell maybe everyone in mingo who said i was some kind of demonspawn were right i dont even know anymore 

now i cant even get away in my sleep having awful nightmares about being beaten and humilaited everytime I sleep ive got to end this i dont have another choice I'm tired of feeling humiliated, depressed, and hopeless. I'm unemployable and in America that apparently means you are unfit to live some people will be thrilled to see me go glad that another 'useless eater' gone and those that are saddened will be better off economically whether they realize it or not. i'm so sorry i was such a failure i tried  just wasnt good enough 
",medium risk,False,4060,732,-0.9983
"Is it just me or do many people have social anxiety at some time, but act normally around people another time?",no risk,False,110,21,-0.09
"My life has come to an end...The time has finally come. I only wanted to mention it to someone, anyone that will listen. I honestly have no idea why but I somehow feel I must explain why I have come to the decision that I have, and since there is no one else in my life that I can share this with, this medium will have to do.

I admit I have always felt like I have been standing on a precipice between this abhorrent life and the death that calls to me. I also admit that for most of my life I have had no real reason to feel this way (my own opinion of matters concerning to me, mind you). Whether it was watching my mom's downfall from a beautiful, strong woman that was everything in my world to someone that barely moved or spoke after both a bout of Alzheimer's with unrelated diabetes and blindness, or whether it was my disgusting childhood of emotional and mental problems leading to bullying for all 12 years I went to school, or even whether my father's absence from my life, added by hurt of being deemed his illegitimate child by some of his siblings, I never have run out of reasons to stop feeling like I just shouldn't be alive.

However, it was on July 7th of 2016 that everything changed. The one and only reason for my to keep going, my heart to keep beating, departed. My mother, the one that gave me the opportunity to live -even when most of her family members told her to abort me, that it was embarrassing for a 42 year old divorced woman to suddenly be pregnant out of the blue, and from a tryst with a married man no less- that beautiful woman who despite all odds decided to keep me... she passed on that horrible night from a heart attack at the age of 68.

The world is now void of all reason to live for me. You must all understand, that I have nothing going for me. In my attempt to take care of her full time I decided to opt out of an education after finishing high school. I decided to not work since I didnt want to leave her alone and she never trusted anyone but me to take care of her so I seldom worked, which at my now age of 27 is not only counter-productive to me gaining work that will help me to survive on my own, but on top of that in the eyes of companies I am just a downgrade from younger adults that are better trained.

Knowing all this, my family began to wonder of me yet again as an unwanted child, instead of an adult and began to pass me around like a hot potato, who would now gain my burden? My 19 years older sister? my maternal grandparents? my godmother? It seems my sister took the worst of the share, as I now live with her. And no, I am not fully dependent on her. I am working, three starter jobs alongside 18+ somethings that see me as an old woman in their eyes, among them.

I don't fit anywhere, and it seems I never will. No matter how many jobs I might end up working at, I still don't earn enough to live on my own in the state I live in. But then I wonder... is it even worth pushing through one more day? One more shift, one more day of this miserable existence? I have no purpose in life, my purpose for living is gone! 

When I was forced to move from my childhood home, I had to leave my dog in the care of my grandparents back in Puerto Rico (where I was living with my mother since birth), so she doesn't need me either in her life. And on top of all this my sister has two sides of her. One tolerant side in which everything appears fine only for the next day for her to blow up because I ate one extra cookie from the refridgerator and she wanted it. She makes me feel like I am worthless... and it's true. I am worthless, I am a burden to everyone in my family now that the only person that wanted me is gone. I don't want to be a burden anymore, and so since I have no control over anything else in my life, I swear I do have it over this. I will fight for the control of my life!
I already won the fight... in a few more minutes biology will run its course and I will fade from existence. I am sorry to all that I troubled in life by my existence alone. I hope after I am gone you will go back to being your happier selves. The ones not troubled by waste-of-oxygen me.

And most of all I am sorry that I had to retell this to you all in this reddit. If my post troubles you, please ignore it. It was more of a need of mine to leave something behind, to ask anyone that might be reading. Please treat people around you with as much love as you wish yourselves to be given, to help out in all you can, and to find your reasons for living. That's all...",medium risk,False,4535,903,0.7206
"For you, dear child.I'm writing this in advance. You will read it when the time is right.

You woke up today a little later than usual, and when you did you wished you were still dreaming. Even that nightmare you had the other night seems preferable to the reality you wake up to every day. Your mother used to be your hero, but ever since she and your father split she's been on a downward spiral. You love her with all of your heart, but deep inside you struggle with your disappointment for what she's become. And your father? Heh, what father?
Your sibling needs attention and ought to get it from your mother, but you feel like it's now your responsibility -- a responsibility you never asked for.
As you lied there in bed, trying to will yourself to wake up, those are just a few of the things that were running through the back of your head.
You almost feel like giving in to substance abuse. You just want to forget your life, and sometimes you've felt like ending it. Remember that time you almost went through with it?
Your friends don't understand the huge amount of stress you deal with on a daily basis. Sure, some of them have stuff to deal with, but can it really compare with the drama in yours?
Your burdens in life are unusually heavy, and, no, it's not fair. But, you don't have to go through it alone. I haven't even talked about the biggest source of drama in your life yet. Sometimes, you just wish you could erase that memory.
I understand it. There's a hug waiting here for you.

You'll read this when the time is right. I'll be here.",medium risk,False,1558,291,0.8577
I dunno about u guys but sometimes I feel lonely but just don't want any human contact I just dunno what to do about it tbh XD,low risk,False,126,27,0.5742
"He told me I was hard to loveI've been going through a lot this past year and things unfortunately are not getting better and I can no longer see my therapist, get follow up appointments and might not be able to get the medicine I need to survive anymore because out of no where they took my insurance. I need surgery that I will not have to tough it out and hope it doesn't get bad again. If I even tried hurting myself I'd probably end up just dying cause it wouldn't be worth getting thousands in bills. I owe my college 3,000 that I don't have they want it in less than 30 days. I don't want a loan because god knows if I could ever pay that back. No luck in getting  a job, no car, no nothing. My life is almost as if it doesn't exist. If I disappeared today only my family would of known of my existence. My current lover knows how all the others treated me and he just yells at me mostly when I try and get him to open up and tell me how he feels. I want something that will last forever and settle down and plan for the future. I don't have much, but I need that motivation. So I know all my efforts aren't for nothing. I'm scared about my thoughts... ",medium risk,False,1160,232,0.2993
"Feels like it is time to go.In my situation, I feel like I am trying to hold on to my life as harsh that it may be right now. I don't want to whine about my shortcomings. I realize that life is worth living, and that problems are temporary and only as big as we let them. 

with that said...

I am slowly losing the urge to keep going. To the untrained eye, I seem cold and distant, maybe even emotionless to those around me. I see myself becoming more and more reclusive, sleeping all day, cancelling all of my plans, looking forward to never seeing or speaking to people again. Essentially disappearing, and then if I am lucky...dying in my sleep. 

I need help. I am hurting so badly. All by myself. And everyone is so self contained that they barely notice. I don't know. I may just go meet my little brother up in the skies. I heard it was peaceful there.

&amp;#x200B;

Thanks for listening. ",medium risk,False,898,168,-0.0266
"I'm tired of being so sick...To preface, I am a 21 year old male who has suffered from major depression for 8 years and GAD for 4. I am currently on 10mg of Lexapro and seeing both a therapist and psychiatrist on a weekly basis. I'm doing everything I can to reach out and get help but nothing is working.

I've struggled with my depression ever since my grandfather died 8 years ago. His death cause my family to almost fall apart because he was such a good spirited man that kept my family together. On January 17th, 2007, a good 4 months after his death, I attempted to take my own life by overdosing on Tylenol and Sudafed. I failed, since I am still here but my life has been an emotional roller coaster ever since. 

In the past I've gone days, weeks and even months, happy and without a care in the world but the past 3 months have been the worst thing I've experienced in my life. The anxiety has become too much for me to try and control with the tricks I've learned from therapists and many of my friends have begun to grow tired of not having the ""old stopitnowforever"" around to hangout with. My parents have been at each others throats for the past month because of my father's job and my mother is a wreck for knowing I'm struggling so hard with my depression.

I know there is plenty of people that will miss me and my death will cause a lot of sadness, but I'm only failing those people who miss the old me. I'm only causing stress in their lives because I can't face life like a normal human. They have grown tired of dealing with me and my mental disorders are pushing them away. Sure, people love me but I'm sick of them loving someone who I used to be.

The thing that scares me the most is that school is really the only thing I have keeping me going. School ends in less than a week and I'm terrified that if I have nothing to push me out of bed in the morning, I will simply lose my mind and end everything. I've been preparing for the past couple weeks by writing everyone letters and telling them that they will miss me but I will finally be free of suffering and I will live on in their hearts. I plan to text a friend on where all the letters are stashed right before I cut every inch of skin off my body.

Life has been exhausting and I can't keep going on anxious, depressed, tired and a shell of my former self. I really need help reddit.",low risk,False,2368,458,-0.9973
"On whims and chanceI am more or less suicidal on whims.  I don't particularly care to live or die.  When I am happy, living sounds like a good option.  When I am unhappy, dying sounds pretty okay to me.  I have nothing sustaining me, no firm anchor, no root.  I just live, but I have no reason to.

Why are you alive?  What are you living for?  What's the point?",low risk,False,362,70,0.1472
Sad News My Uncle Sherman died from COVID 19! I CANT TAKE ANYMORE I need some time...,low risk,False,85,17,-0.7901
"A weird situationI'm 16. I am an incompetent individual. My below average grades will prevent me from getting into a good college. So, you may figure that if I am not academic, than I must have some hands on skill. Nope. I'm even more incompetent with my hands than I am in school. I have zero social skills. This will prevent me from having relationships past high school.

I don't feel like I have a place in society. I believe that I must have ADHD or may be very high on the autism spectrum. I don't feel I'll be able to take care of myself, much less kids. 

It's been a fun 16 years, but once I finish high school, I honestly don't know what I'll do. I wasn't born for this world. And that isn't anyone's fault but my own. My mom is a good mom. She was just cursed with an ugly duckling.

I honestly don't see why ending my journey of life is a worse option than being a burden to someone else because I don't have the skills to develop my own life.",medium risk,False,955,187,0.3475
I have two options tonightI can either hang myself or hopelessly try to finish the 3+ months of already late schoolwork that I need to turn in tomorrow to have a chance at not failing. What do,medium risk,False,192,37,0.1285
"OverdoseI know and I've read overdose isn't a good method to use, but I have over 20 Tramacet pills and I need it for post op pain but I'm constantly fighting the thought of bearing the pain and saving them for when I want to overdose ( whether that will even kill me anyway but hurting me I still wouldnt mind ) in the future or fighting that urge and using them as directed and needed for current pain. For over the past 4 years suicide has felt like the only option when things start to go south and things are really starting to feel bad so I'm considering saving them as I said but I don't know for sure.",high risk,False,609,120,-0.9925
"My therapist cut me off and itâs got me suicidalI was seeing her pretty consistently this whole year, and Iâve been doing very intense work on my trauma.  However, I had a habit of not showing up to sessions sometimes due to my depression.  This whole year I was going consistently, and itâs helped a lot. 
In the past three weeks, I did not show up because my depression was going off the rails, and I had no energy. 

I was attempting to reach her the past few days to set up an appointment, and she finally got back to me telling me that sheâs going to have to stop seeing me due to my inconsistency. 

Iâm really crushed and just broken down because of this.  My suicidal thoughts and ideations have been increasing in intensity the past three months, but now I would say Iâm at a 9.2/10 in terms of wanting to end it. I realized that I shouldâve honored my appointments, but I just feel so damn worthless now that even my therapist cuts me off. 

Sorry.",no risk,False,972,180,-0.9559
Anyone down to chat? PM me if yâall wanna chat fillerfillerfillerfiller,no risk,False,73,11,0.0
"Someone please help me help my wifeMy wife is in a terribly dark place right now. She has a history of depression and suicidal thoughts, but never this bad. Recently she has had a lot of family problems which has resulted in her not speaking to most of them and them not speaking to her. She says that she frequently thinks about dying and how to do it so the kids and I don't have to find her. She says she's past the point of help. She refuses to call the suicide help line, she won't go to a doctor or anything. She's even gone as far as threatening divorce just to push me away so I wouldn't have to see her go thru this. I want to help her so bad, but I don't know how. Nothing I say right now helps her, and I see her getting darker by the day. I'm afraid to leave her alone, but I can't be with her constantly. Please any help with resources or a way to approach her would be appreciated. I need her and so do our kids and I can't just let her go.

Thank you.",high risk,False,966,197,-0.7649
"I did everything I possibly could for his benefit......And he still broke up with me. The day it was happening was the day an old friend of mine passed on from cancer. The unintential conflicted with both my life and his. I was dissociated. Mid-panic attack.

And he dumped me. He's the only person I ever had fallen in love with. But his job is stressing him out and .. I know he's never going to come back. I don't know what to do, I just want to fucking die so the mental sodomy stops.

He decided he wanted to be friends, we're both BPD. I can't even get on Skype/Facebook. This has destroyed me. I don't want to exist. When I asked him to clarify the reasons he no longer wanted to be with me. All he did was an endless loop of the same shit.

i have gone out of my way so fucking much to make sure he's okay. To make sure, when something bad happens, that he's okay. 

The day before he told me he loved me a lot, and we discussed meeting eachothers' parents...i cant eat, can't sleep, and it takes everything I have not to go for a gun (registered) or a razor.

He also said he still wanted me to come down to where he's located now and potentially move in. I never got that opportunity.  I am so fucking stupid, how could I fuck this up? Why is everything in my life fucked? Why the FUCK would he tell me he loves me, ask me if I as okay and tells me to call him

to fucking break up. And now I'm the one talking in circles. I had an interview last week for a job. Bombed it because I almost could't stop crying. ""you need help"" he says. I've only ever broken down once infront of him and it wasn't until then because of him.

He thought he was harming me before because of stress... no. he walked out of my life when i needed him most. i feel used, cheap, stupid. I've already started relapsing. I can't fucking do anything. I was actually happy with him... and fuck
fuck fuck fuck
",low risk,False,1891,371,-0.9973
"TiredEmotional, physical and mental. I wish I could rest but the world doesnât stop for anyone.",no risk,False,97,16,-0.2382
Yay Iâm back!!! My account got suspended for 3 days for me calling someone a âStarbucks drinking degenerate c*ntâ,no risk,False,119,19,0.2905
"UnfairIt is so unfair to my parents, they wanted a child for a long time and now their little miracle wants to die.",no risk,False,115,23,-0.658
"I have trauma from the dentist. 
- Swallowed a fluoride treatment as a kid and threw up all over myself.
- My first cavity was drilled partially without numbing. (I didn’t know any better at the time, but should have spoke up sooner.)
- In my early 20’s, I was having a cavity filled at a new dentist. The dentist drilled the hole, placed the little metal contraption around the tooth, and then walked away with the hygienist. I was alone for almost two hours like that. I was nervous to stand up with the metal screw thing (I have no idea what it’s called) sticking out of my mouth. My phone was in my purse on the other side of the room. I yelled out for someone, but no one came. If I wasn’t so anxious in the moment, I probably could have gotten up to get my phone, but I was trying to focus on breathing tbh. 
This same dentist told me I had 7 cavities. I went to another dentist and they told me I had none. (The original dentist got fired at some point during all of this, but I don’t know exactly why.) 

ANYWAYS - now, I am 29 years old and I really want to go to the dentist. I want to keep my oral health in check, keep things clean, and really work on doing hard things that are beneficial in the end. I have an appointment scheduled for Monday. I am a nervous wreck. The place I am going to is new, but I have heard they are incredible for comforting anxious patients. They also told me I could bring my husband in the room. I feel like a five year old admitting my fears, but I am so anxious. I’ve had three abdominal surgeries in the last two years for my endometriosis and I was less nervous about that! I don’t know what it is. Maybe it’s the shame feeling of something being wrong with your teeth? Maybe it’s the fear of them telling you something horrible is wrong? Who knows. I am at the point where my desire to better myself and do hard things is bigger than my fear so I am pushing myself as hard as I can. I just need some advice and tips to make it feel less intimidating/scary. 

Thank you for your open minded comments in advance 🫶🏻",low risk,True,2059,403,-0.9905
"the pokemon smile app is so cute i know it looks childish but i think its adorable and if it motivates me in a good way to brush my teeth then ill use it!! 

i highly recommend it!!",no risk,False,181,38,0.9168
"College Student -- Desperately Need HelpLet me first say that I've reached out to the mental health services at my school, was diagnosed with something along the lines of ""severe reactive depression,"" and was prescribed bupropion. I am not one to reach out for help; I take care of things myself, so for me to do that (and this) is incredibly uncharacteristic for me. The medication has done absolutely nothing and the counseling just pisses me off, so it seems that I'm back to trying to figure this out myself. Maybe someone has gone through something similar and may have some advice:

I am an incredibly busy and stressed student in my third year of college -- I came in as a very motivated freshman, and with that motivation managed to get incredibly good grades, be involved in student clubs related to my major, and in general be successful with everything I was doing. Back then I was willing to sacrifice so much; I would happily stay up for 2-3 days because I thought I was finally working towards something that mattered (my career). It did not take long to realize that my coursework is primarily a large heap of horse shit though. I was/am killing myself for things that do not matter to me, and please don't waste your time trying to convince me that it is worth something. I have had several internships in which I have been told by professionals in my field that what I learn in college will most likely be forgotten and never used. Yes, the courses force me to learn to manage time, teach yourself (because professors do not teach me jack fucking shit), and probably some other characteristics that I'm forgetting. Trust me, I have that shit under control.

So fast forward to the present: I am an over committed student who doesn't give a shit about anything that I am doing in college, and I've lost that motivation that used to keep me going. This has compounded and depression has set in hard. I can't look at my work without having a mental breakdown. I can't think straight and the simplest of tasks seem insurmountable. Yet I have to hide it from everyone around me in hopes of maintaining my reputation with my fucking professional network. I think about suicide more and more often, and at times become obsessed with figuring out the best way to do it (did I mention I'm a massive perfectionist?). It feels so incredible to try to figure it out -- it's a solution; it's a way to get away from this fucking college life. And I would've killed myself several times over if it wasn't the most selfish act possible (friends, family, girlfriend, etcetera). But shit, it would be so fucking relieving! But suicide is not an option unfortunately. So I am stuck here, with a massive amount of work, plummeting grades, very, very important deadlines and I can't even look at my textbook. I force myself to work in public places so that I don't break down again -- but suppression is never the answer is it? I don't know what the fuck to do. I've exhausted every solution I can think of -- to the point that I was given an antidepressant medication. But that doesn't change how much I hate what I'm doing at college. I need to figure out a way to be able to work without falling apart. Sorry for the length of the post; if you're still reading thank you.

TL;DR: I need to figure out a way to overcome my severe depression in order to complete my work -- counseling and antidepressants have had no effect",high risk,False,3420,618,-0.9794
How to reach out to a friend about being suicidal?I'm scared I'll be judged or they wouldn't know what to do. And then I'd feel bad for giving them that burden. I'm just scared and lost. I'm so close to ending it all ,medium risk,False,217,43,-0.8316
"okay.alright. iâve tried to kill myself but failed so this time i wanna see what my body can handle. iâm a little scared of what comes after but they say the most peaceful way to go is while youâre asleep. i thank everyone whoâs been here for me. iâm not the greatest person so maybe in a way my death will make the world a better place. iâm trying pro stuff now. merry christmas to all, and all a goodnight. &lt;3",high risk,False,426,81,-0.6153
"Not suicidal, but I need some help...I hate my body. I know every girl probably says this but I feel like they don't know the same kind of hate I do. I've struggled with my weight all my life. I've always been a slightly chubby. Over the past year I've dieted on and off, and have lost a total of 40lbs. People say I look amazing, so thin and whatnot. But I just don't see it. I still feel as fat and ugly as I did 40 pounds ago. I stand in front of the mirror naked and just stare at what I hate. I tell my self how fat I am. I can't stand it. I want to just be happy with who I am but I can't. I'm pretty sure I might have body dysmorphic disorder.

The first 10 pounds I lost the healthy way. Working out and eating right. But the last 30 I've experimented with bulimia and anorexia. And unfortunately, I like it much better. I usually eat 500 calories a week. I know this is terribly unhealthy, and I feel MISERABLE all the time. But my problem is, I only feel happy mentally when I feel miserable physically. When I eat, I feel so much more energetic and not so fatigued, but mentally I feel SO fat and SO ugly. 

I hate feeling like this all the time. I really want to be like my friends, who are confident with their bodies just the way they are. I just want to be happy, Reddit. I need help, and traditional counseling doesn't seem to work...",no risk,False,1350,269,-0.9369
"u/LonelyGuy2007 if you are reading this... You are a FUCKING PEDO! No one should ever stalk a 14 year old girl, threaten her with your 12 accounts and how old are you? Like 35 years old? Youâre 12 accounts or somewhat should just get banned, you Fucking piece of shit. Everyone hates you. Never come back. I repeat. *NEVER COME BACK*


Fuck you.",low risk,False,347,63,-0.8966
"Please help, someone could be in trouble. For Jolie QuinnnA week ago I saw a few posts from an account about her suicidal depression, so I started talking to her and she would usually reply really quick, but in the last three days or so she hasn't replied to a single message of mine, but just posted on suicidewatch saying she wants to be gone. I know she browses this sub and it would be really helpful if she or someone she knows could see this and get her some help.
Account name - u/joliequinnn

Please repost too",high risk,False,518,98,0.8014
"Stop glorifying mental illnesses Please.
I see so many people on social media (here and other ones too) making it a beauty accessory.
Being mentally ill is not fun. 
It doesnt make u ""aLt""( btw indie kids are not alternative sorrynotsorry) 
Dying your hair is not having a mental breakdown.
And ik people here are gonna say ""uh thats only tiktok kids cringe that do that"" but no !
A lot of people here do that too, so yeah being sad one day doesnt make u depressed and being stressed doesnt mean u have anxiety.
Being organized is not OCD  blah blah i could go on for hours.
All that to resume : dont say you have a mental illness if youre not diagnosed.

As a cutter, i find it extremely annoying to hear my friends say theyâre ""so depressed"" and shit like that.
Im not invalidating their mental health but that stuff is not a joke. 

Oh also unrelated but dont make comments about selfharm scars pretty please !
Some of my friends JOKE about them like ""oh they cut hahaha theyre depressed"" when seeing my scars.
I lie and say its my cat but u have no clue how painful that is. 
(Also i am currently getting medical help so dont worry for me on that point)


Anyways this rant probably makes absolutely no sense and people are probably gonna downvote or something but well just had to share whats on my mind.",low risk,False,1311,245,-0.1531
"I think I fell in love with my best friend Alright so hereâs the thing, I think Iâm in love with my best friend and Iâm so screwed. History of our friendship is that we literally have been through thick and thin, we literally share each other everything and we always care for one another. Itâs at the point where from time to time we say âI love youâ to one another. But in the country I am in shes originally from another country because we go to an international school. So when lockdown happened she was stuck in her country because she was going to renew her passport. And her boyfriend was here in the same country with me and it was hard for her so I listen to everything she has to say and give her comfort where I can. Months go by and she becomes more sad and depressed than before when she was still in the same country as me and 8 or 9 months went by and she broke up with him and it shattered her. It was hard for me to comfort her because I didnât know how and I didnât want to give her empty words which Iâll end up repeating over and over again.

A few months goes by and she gets better then sheâs getting chased by all these guys in her country. One especially who kept chasing her and eventually got her to like him back, but they never met because he lived in another city and itâs basically a weird flirtatious friendship which she donât mind but wasnât pushing for because he wanted something serious and she just wanted affection after being away from everyone she knew. And now she talks about how a lot of guys look at her when she walks and smiles at her. Not like in a bad way but In a good way you can call it. I donât know how or why but it just made me feel jealous when she talks about these guys, or how she wants affection, or even how she wants to atleast have one boyfriend from her country before she leaves because itâs her people(but with someone who can breakup with her when she leaves and comes back). And like I said I donât know why but it just makes me feel jealous and I just wished I was that person. How she talks about hugs from behind, kissing or cuddling like I want to do that shit with her but I donât know why. I just want to be with her but I donât know if itâs just me trying to fill the void because Iâm a hopeless romantic(which is an entirely a whole story on itâs own)

But yeah, I think Iâm in love with my best friend and I donât know what to do.",medium risk,False,2453,479,0.9909
"I feel like my dog can sense my suicidal condition, I think they know what I have in store for myselfIâm sorry, thank you for being a good companion",no risk,False,150,29,0.2732
"Soul-crushingly lonelyItâs been about 2 years since Iâve needed to post something on this sub. I really hoped it would never happen again, but here we are. 

I tried to OD in my house in 2017 and spent 2 hellish weeks afterwards in the psych ward. I got my life on track enough after that to get into a college in my dream city, I found friends and a partner who gave me a reason to keep going. My college is fully online this semester so Iâve moved home, my partner and I recently broke up which will be better for both of us in the long run, but he was my best friend and I miss having someone always around so much. We still talk but his dad killed himself a year ago so I feel manipulative trying to get his attention by saying what Iâve been feeling. I have friends but a lot of them moved back to campus or are too busy to talk to me at night when Iâm at my worst.

I have a desk job here which gives me just enough human interaction to make me feel completely empty when I come home and have nothing to do. I feel like Iâm hanging on by a thread, every night I have to talk myself down or take extra meds so I fall asleep before I can get a plan together. I canât get back into my old therapist and I donât have the energy to call around and get into someone new. All I know is if I try again I canât fail, the mental healthcare in my state is so shitty I wanted to die more leaving the hospital than when I got there in the first place.",low risk,False,1462,295,-0.9204
"When I was 17 I was confident, smart and funnyThree years later and I am completely the opposite; scared, anxious, slow, quiet, weak, suicidal. A drug addict and an alcoholic. A rape victim. There is nothing left of the person I once was, I watched my ideal self burn until there was nothing left but a fragile shell. I don't even look the same. I try so hard in school, socially, and to improve myself. But I am shut down and fail every single time either by my own fault or by something I can't control. I  pills so I can OD, I can't see the storm settle anytime soon. 

My 17 year old self was so carefree and cool about everything, I thought I was going to be that way forever. She loved attention and the spotlight but now I just try my best to disappear. I wish, I wish I could be that girl again. I wish she could walk through the door and say ""I'm back! 20 year old itsdolan can leave now, I'll take it from here :)"".

Instead I'm stuck being someone I hate down to my very core. There is nothing left of me worth saving. I feel completely worthless.",medium risk,False,1058,206,0.8296
"Rock artists ranking If you dont agree with me, good for you. 

Starting with the 10 best rock bands/artists:

1. Queen
2. Van Halen
3. Led Zeppelin
4. Pink Floyd
5. AC/DC
6. David Bowie (very underrated)
7. Metallica
8. Beatles
9. Rolling Stones
10. Black Sabbath tied with Ozzy Osbourne

&amp;#x200B;

Here are the best songs from those artists-

1. Queen -  Bohemian Rhapsody
2. Van Halen- Runnin with the devil
3. Led Zeppelin- Stairway to heaven
4. Pink Floyd- Comfortably numb
5. AC/DC- Highway to hell
6. David Bowie (very underrated)- Space oddity
7. Metallica- Sad but true
8. Beatles- Here comes the sun
9. Rolling Stones- Start me up
10. Black Sabbath tied with Ozzy Osbourne- Crazy train (Ozzy Osbourne), Iron man ( Black Sabbath)

&amp;#x200B;

The worst rock bands/artists

1. Kiss
2. Starship
3. Linkin Park

Again, do not make fun of me in the comments. And yes if you are wondering, i hate most modern rock songs, and i absolutely hate pop and rap. EDM is eh. I like some pop songs and they are in my playlist too.",low risk,False,1031,184,-0.882
"Reminder that depression does not necessarily have to mean you're sad all the time It can be just feeling numb to emotions. Like not feeling love, or not being as sad as you should when a loved one dies. Or not feeling happy, but not feeling sad either, just empty.




It's a new year, so if you're feeling bad, now is a great time to start the process of improving! It's never wrong to ask for help with this stuff.",low risk,False,417,80,0.9015
Yo anyone wanna talk especially if ur from South America Yeah like I wanna talk to some people and I realised I donât have many South American friends and if youâre not from South America it donât matter still hmu,no risk,False,219,40,0.7845
"I probably won't do itI feel kind of bad posting here, since I haven't had a real attempt yet and probably won't do it. However I just struggle with thinking about suicide all of the time, and everyday for about four years now. In my teens I thought about suicide too, but I think I'm more suicidal now than I was in my teens. I think I wasn't as suicidal as a teenager because I had hope that things would get better after I got to college. I had trouble growing up because I got bullied a lot, and just generally treated like garbage at school. I had a really wonderful brother, sister, and father though, and I think that kept me going. I was able to hang out with my brother's and sister's friends, but I couldn't make any friends on my own. When I was at home I had trouble too because even though my dad was a nice alcoholic, he was still an alcoholic. That wasn't such a big deal though because he wouldn't do anything while drunk. It was mostly just that my mom, who is nice now, back then while growing up would scream at the family all of the time and have all of these paranoid thoughts. I was depressed the whole time I was growing up. Anyways, when I got to college I thought I would make friends and have a good time, but instead I developed psychosis and ruined every relationship I'd ever had or could have had, and dropped out of college with a mountain of debt. Once I was meds I was no longer experiencing psychosis, but i came back to reality realizing that I had destroyed all of my relationships and my life. I rebuilt a relationship with my dad and brother and sister,  but I know that everything I have I didn't earn. Ever since I have dropped out of the university I have thought about suicide every day, and my mom has changed to being really nice. I don't really know why she changed, but it might be because she is now on meds too now. I just feel like such a colossal failure as a Christian and according to the world. Since then I have been going to a community college, changed my major, and started working part time as an administrative assistant at my dad's firm. I feel like such a user. I'm constantly thinking about who is going to take care of me if I can't take care of myself. I didn't get a driver's license until I was 24 years old, and I only barely drive a few places after being shown by my family how to get there. I'm afraid of driving anywhere new by myself. I can't do it. I'm never going to accomplish anything in life if I can't drive. Life is so much better now than it used to be, I don't get bullied anymore, and my mom doesn't scream at us anymore, and my dad has been sober now for almost 6 months, but I still think about ending it all of the time. I see a psychologist and a psychiatrist too. I felt kind of ashamed but I had to tell my dad the other day to hide the tylenol so I didn't overdose on it at some point. I probably haven't offed myself yet because ever since I dropped out of college I've had this  deep fear that I'm going to hell when I die. I know that Jesus forgives and that according to Christianity people are saved by grace, but I just struggle with thinking that we are only forgiven as much as we forgive others, and I don't really forgive that easily, I just forget. I think most of the pain I feel comes from the inside, where I tell myself what a worthless failure I am and how I'm such scum. It's not like I haven't hurt other people along the way. I have, but I didn't go out of my way to hurt others, it's just sometimes I'm an inconsiderate a*s. I'm still haunted by times I caused pain in other people's lives and I forget about it until I have flashbacks throughout the day almost every day, then i forget again but feel the guilt. Everyone is telling me that I should be able to transfer to another four year university in a year or so to become an accountant, and everything looks like it is going to get better. My family even joined a church about a month ago or so and the people have been really welcoming, but I still just feel this pain all day, especially as I'm going to sleep at night, despite being on a bunch of antidepressants, and I'm just sick of trying anymore. I feel like such a hypocrite because I've spent time on this forum trying to talk others out of suicide whilst I fantasize about it constantly, and my life isn't even that bad. I wish I was a better, more successful person, and independent. I'm 26 years old and still living in my parent's basement. I know I have a lot to be thankful for but all I think about is wanting out and how I'm so done with life. ",high risk,False,4576,889,-0.9862
How to deal with an alcoholic abusive father...I have lots of insecurities and my dad is the reason for it ... he is such a careless person and he is been drinking since last 20 years and sometimes he has a different personality while drunk and abuses my family and me .. he is more like a burden now .. idk what to do with him .. as I canât move forward in life bcoz of him ... I hope this bastard dies a painful death ..,medium risk,False,424,87,-0.9758
Man i was so close to fixing my sleep schedule But i had a sip of my sisters green tea and still wide awake 6 hours later,no risk,False,121,27,0.0
"Oh and how the decline begins.So slow yet so effective... Beethoven Moonlight Sonata plays in the background. 

What a beautiful way to look back at the misery I've been living and the hard times I face. Haha! 

I sit here, smiling and sip my vodka knowing I will delete this thread in a few hours. Not willing to face the shame in morning. I love to put on the happy front. But no one knows the truth. It's beautiful! ",no risk,False,419,79,0.9421
"I'm just lonely and need a good friendI'm 16 and I've made two really good friends here on Reddit.  Unfortunately they aren't on every night.  I'm pretty alone in life and like having friends I can talk to.  I kind of reaching out looking for more people I could possibly become friends with and talk with on here regularly.

A couple months ago I got a call from my best friend, Matthew.  He was calling to tell that he had overdosed and he wanted to say goodbye.  Of course, I wasn't gonna just let him die.  I went over to his house and took him to the hospital.  He was pretty upset that I ""ruined his death.""  After his stay at hospital my family took him in and let him stay with us.  He was living with an abusive father and that's why he wanted to die.  I don't know exactly what his Dad did to him but it was bad enough to make him attempt suicide.  

Fast forward a little while later.  He's living with my family and supposedly things are going great with him.  He would tell me he was doing fine when in truth he really wasn't.  I had created a Reddit account after the whole overdose incident to stay in touch with the person that Matthew had met here on Reddit.  

One night Matthew told me he was gonna go for a walk.  I didn't think much of it at the time.  What I didn't know was Matthew had told his friend from Reddit that he was going to kill himself.  (To make things easier I'm gonna give this person the name Zach)  So Matthew had told Zach everything and when he was going to do it.  The part that really hurts me the most is that Zach sent me a message through Reddit warning me of Matthew's plans.  Unfortunately, that night I had gone to bed early and hadn't seen Zach's warning message.  I blame myself for Matthew's death.

Now here we are.  Months after the ordeal.  I myself have had many challenges since Matthew's death.  I started self harming.  I hate myself for it but I still do it.  I'm always high off of something.  Being sober isn't an option anymore.  I've attempted suicide myself a few times but haven't succeeded.

I just want a good friend that I can talk to regularly.  Someone who struggles with suicidal thoughts just as I do.

&amp;#x200B;

Thanks for reading and messaging me!",high risk,False,2227,416,-0.992
"Going to the hospital?Does it make sense to check yourself in? Does it only delay the inevitable? Do they keep you for a  long period of time? Is it really expensive? I just donât know where else to turn, or what to do, or where to go because I donât want to burden the ones I love with the aftermath of my decision that they donât deserve. I canât sleep it off anymore, and I canât think about anything else. ",medium risk,False,420,80,0.3094
"I am just going to become a burden, and I don't want thatHi

I have a decent job. For now. I don't see myself being able to keep it for long. I can't work anymore. My arms become lead whenever I have to work. I can't move. It used to be from anxiety, but now it is more apathy than anything. I don't care. I can't will my arms to move.

I had a breakdown a few months ago. I spent some time in hospital. And then I had a month off of work. I though I was ready to come back. I was feeling less stressed.

But now I feel just as useless as I did before. I don't think it is the anxiety as much anymore, but a complete and total lack of motivation. Nothing motivates me at all.

My doctor has been trying me on several combinations of medication, but nothing has worked so far. If the last one he put me on doesn't work by next week, he is talking about taking me off of my job.

I won't be able to get a new job. I screwed up my post grad when I was studying, so I don't have the qualifications to get anything decent. And I don't see myself being in a mental state to do any job properly.

I am going to become a burden on my parents. And I don't want that. I know that they love me. And that they will support me. But I don't want to do that to them. It would be easier for everybody if I just disappeared.",medium risk,False,1307,271,-0.8595
"pls help methis around like the 5th post i'm writing here. i'm feeling more and more like a nuisance everyday. when i'm talking to people whenever about whatever, i feel like i have to suddenly just say a bad cringy joke about the topic for attention, only for that to go away in a minute. last post was about my family being strict and shit. sometimes that makes me feel like maybe i did something wrong, even though i never know what that is. other fanily issues also bring me down. back to my family, im just really spoiled. i got an expensive pc, 2 monitors, ps4, nintendo switch but i dont feel like i deserve it. sometimes that is a way for them to make them seem like they love me, but maybe this is just a conspiracy i made up in my head, another thing in my head that makes me feel like something is wrong with me. when i hang around my friends i seem uncomfortable, but that happens with people in general with me. like everything is a heated moment in my head, but in reality everything is fine.  like all of this shit makes me feel worse and worse till the point of not wanting to live anymore, or at least somehow start over. but im 16 y/o so i think restarting is a bit far away. bad thing is either i kill myself until that point, or something other. but as i always said it here a couple of times: imma try to hold on. all you peeps here, lets hold on together ill we can â¤",high risk,False,1391,273,-0.9653
Everyday gets harder.. I just want things to stop..Im 25 i take care of both my mom n grandma..I help with bills.. I work 60 hours every week. Iâm currently dealing with bankruptcy due to opening credit cards to help my family and I signed my name on my cousins loan to help fix his transmission.. he stopped paying.. I guess u could say I have friends but I donât really talk to anyone consistently.. I have a boyfriend but I feel like Iâm just a burden to him.. weâre an hour apart every other weekend we spend a day or two together. I bought a PS4 to play with him n weâve played it a few times.. but he has his friends so I try not to bother him too much. I just hate being on my own so much. I grew up alone. My parents never let me outside after my dad and granddad died. I wanted to move closer to my bf so I could see him more. But Iâm worried that my mom n grandmom wouldnt b able to survive on their own. Theyâre constantly sick or in the hospital... I really need the space my mental health is degrading every single day.. but my mom doesnât want me to leave or my gma...Iâd like to quit my job so Iâd have more time to paint and work on my business but itâs a bit of a gamble. Iâm at a loss.. Iâm tired.. I donât have anyone to turn to. All I do is work sleep repeat. I feel like no one wants to be around me. Iâve naturally grown into being a loner but I wish there was At least one person I could be around. like I said I feel like a burden to my bf.. he has his friends. He loves having his guys time. I try not to pester him too much. I just wish I could have that companionship with someone. I wish my life could be easier.. as Iâm sure we all do. Iâm just tired of bleeding for everyone. Iâm tired of having to give up my own happiness for everyone. But idk how to be selfish. idk what to do. I really just want to give up but I donât have the spine for it. In turn Iâve grown to hate my life...,medium risk,False,1953,396,0.4812
"I don't have a reason to kill myself, but I don't have a reason to livedoes anybody?",high risk,False,84,17,-0.431
I thought of something actually heartbreaking Those having to spend their birthdays in what seems like the end of the pandemic may still have to spend it alone.. especially if they are apart from family members =(.,no risk,False,214,37,-0.3612
"I'm supposed to be getting married in 2 months but I really don't want to be alive anymore. A secret was revealed and I feel trapped with it and so alone.I don't want to get into the specifics of what the secret is because I tried to reach out for help on reddit yesterday and it honestly made me feel so beaten down. Maybe I am a horrible person. I don't know.

I just don't see the point of carrying on anymore. I can't reach out to anyone I know because it's not my secret to share. I'm so alone and just so lost.

I guess I just want to talk. About what? I don't even know. I just feel so hopeless.",medium risk,False,602,122,-0.9497
"Fucking hate itI fucking hate myself. I have become a sad little leech full of self-pitty. In my entire life I always end up disappointing people. I don't like anything about myself and constantly catch myself being an egoistic, annoying piece of shit.",low risk,False,252,43,-0.9709
"I took 1200 mg of ibuprofen. Will i be okay?I want to die, but im terrified of liver damage or becoming a vegetable. I have 40 more 200 mg pills if that's what it takes. If not, I have some vitamin pills i can chug down.",high risk,False,220,46,-0.8834
"Whatâs the point?Iâm a few days clean and sober after having a year or so clean, so now Iâm in a really dark place, but Iâm trying so hard to hold on and get and fight for my life back away from the hell that is active addiction. In these few days clean I have,âwhich have been incredibly difficult, my gf (now ex) sees that I posted on reddit about me curious about a supplement that may make me cum more, since I know she likes that a lot in our sex life and I want to make her more happy. But instead see sheâs this and breaks up with me for âannouncing our sex life to the worldâ. Not even a call good bye or anything, she just texts me that itâs over and blocks me.

This is genuinely out of all the relationships in my life, the first girl I wanted to seriously marry someday. I saw children with her. I saw a future for us and I saw hope. And now itâs all over because of a comment on reddit of all places that was taken from a place of good intent for her/us. All that coupled with the fact that I am already struggling immensely and feel very hopeless  due to relapse and drugs sucking my will to live away , and this wonderful woman who wanted the same things I wanted with her, dumps and blocks me over text like Iâm a worthless human-being. And honesty, I agree with that. If I truly believed and felt she was the love of my life and knew she meant it, and Iâm easily thrown away like a piece of garbage, what is the point in going on anymore?

Given being a few days sober, my support system in the fellowship of AA/NA isnât strong enough for me right now, but it was growing. And now, the ONE thing that kept the light on for me to stay strong and keep pushing forward just crumpled me up like a piece of paper, spat on me, and threw me off a cliff. Itâs like I didnât mean shit to her from the start. Now, that tiny spark that kept me going and narrowed my path in the right direction has been doused out by a fucking tsunami. The will is go on is dead. I donât even care about using drugs to numb the pain. It canât numb the pain enough. The only thing that can numb this pain is sleep. A long, long, sleep.",medium risk,False,2157,426,0.9743
"DeathI flipped a coin. I'm doing it tonight. 

Details of why i am doing it now are on the post i just put on r/depression. I've tried before with bars and alcohol (also in my pervious posts) but that didn't work either time. So i'm making sure i will die this time. I'm gathering all the medicines in my house right now. I'm making sure i mix as many stimulants and depressants as possible. I will bar myself out to make the whole thing easier to go through with. As well as drink to get my body to the brink of death. 

Edit: just took 20 mg xanax. Drinking as soon as it kicks in. Then i have adderall to speedball and hopefully 500 ml of night time cough syrup will finish me off. 

Edit2: found some of my LSD earlier too. Took that bc i like LSD. It'll keep me conscious until the dark abyss envelops too i guess which will be cool.

I'm looking through pictures of life. Trips i went on, fun times i had.. Grace.. bitter and painful nostalgia needs to prevail as the decision is irreversible now. (Just drank)

Edit3: bars kicking in. Slightly drunk as well now. LSD is beginning to alter time perception. No regrets. Still looking through pictures. Kind of crying but i'm more happy for my pst self that he found a way to go on for such a long time. Good for him.

Edit4: Fitting no on e has commeneted i guess. Death is a personal venture. About to drink cough surip. Lsd really negating alot of the alcohol drunkness effect. 

Losing feeling and motion in hands tyling with elbow

Thinking is hard, head hurts 

Took more bars bc y not


Dont think bars will have time to kick in. Txted suiside note 2 grace. She trying to call but im nit answeering",low risk,False,1659,313,-0.0375
"Wth is my doctor on rn? Mf said i have ""80hd"" like uh dumbass hd starts at 1080p and anything up idot",no risk,False,101,22,-0.6705
"Feeling BurdensomeI""m quitting my job this week because my fibromyalgia and mental health are making it impossible to do. This means that at 25 I am going to be fully supported by my parents again. I'm beginning to feel as though I'm an immense burden and that with my mental health and chronic pain I will never not be one. It's bringing up some thoughts that my family would be better off without me. I don't believe I will act on it, but having the thought in my mind is causing me a lot of distress.",medium risk,False,503,96,-0.6911
"My brain hurt I want pancakedeeddrdddddeeeeee how are you , ok",no risk,False,62,11,-0.2263
"Itâs to humble my familyI want to kill myself. Hard to admit, but I donât really have a reason. I am christian, my parents are well off, and Iâm smart. My grades have been slipping lately and my motivation is tanked. I can get into a good college, but I donât have the motivation. My parents hate me and pamper and love my older brother. When people say that the youngest is pampered, thatâs absolute bullshit. They always compare horrible people to me and talk about how they donât want my brother to become like me, even though heâs older. He gets away with everything, and they give him everything. My brother works at starbucks and makes money with no expenses. Heâs been paying for food sometimes, and buying stuff for my dad. Keep in mind, Iâm not even old enough to work since Iâm 15. My dad says âsee heâs buying me this stuff but youâre so selfishâ like what I donât even make money? And my whole life has been my parents loving my brother and hating me. I hate it. Iâm done. I would do it JUST for my parents.",high risk,False,1051,193,0.6082
"Do yâall have any tips for not telling your friends/family you are suicidal?So I have wanted to kill myself for a variety of reasons, unhealthy interests like Anime, being a waste of space, and ruining everything I touch. I was wondering how I can not tell my family/friends about this to make sure that those relationships donât die from the new found pressure of having to deal with damaged goods.

I made the mistake of telling my one friend, but I successfully played it off as a joke, and then one other friend actually knows but, well they had their own barrel of worms so I managed to shift the focus onto them.

So how do I not accidentally show signs of suicidal thoughts/urges? So far I have managed to keep my outbursts at like 2 am, but Iâm worried that they might catch on to more subtle signs of suicidal thoughts, like giving away prized possessions or that sort of thing.

Iâm also growing weak mentally, writing paragraphs or essays to people in email about my issues. Thankfully Iâve managed to delete them and not send them on accident.

Thank you, any tips are appreciated, Iâm meeting up with a friend tomorrow and Iâm hoping I donât crack.",high risk,False,1177,209,0.9731
"Ready to end itI am ready to end my life. Its a combination of me being a complete failure in my eyes and hating myself. Also its scary how messed up the world is. 24F. can't even hold a temp job right now. my bipolar meds have me all over the place but things are worse when I don't take them. I live with my grandma. no car. want to start college this summer for machine tool technology but makes me nervous because I may not be smart enough to grasp the info. Been single for 3 1/2 years. Bipolar, major anxiety, overweight, and ugly face. the world scares me because of all the crime and death and corruption I see on the news and on the internet. The only thing holding me back is I don't want to hurt my sisters. They are in 10th grade and are doing so well and planning on doing dual enrollment at the local community college. I just know they are going to be successful. They have so much promise and if I kill myself I could mess all of that up for them. I still think about killing myself everyday. I want to make a plan and start righting notes to my loved ones but part of me thinks I should stick around and keep trying",high risk,False,1132,224,-0.9879
"Hope is now goneI'm 17m and I'm considering taking my own life. This isn't the first time I've posted here, I was naive enough to use my main Reddit account which later lead other people to find it and make fun of me for posting on here. I've been diagnosed with clinical anxiety and depression since I was 10 years old, and I'm sick of constantly having small sparks of happiness followed by long periods of sadness. Going to a same-sex catholic school and announcing myself as gay was a dumb decision that I can't change, i can't switch school either because my final year is coming around. I would go into more details of the events but I'm anxious about other people tracking this post and linking it to me somehow. I look at other peoples posts and I view myself being so naive, worthless and stupid compared to the situations others are in, which is another reason why I should give up. ",low risk,False,893,164,-0.9588
"It's not simp September. I know I'm a bit late but it's not simp September. It's suicide prevention month. Please check on your friends, family, yourself, and anyone you know and please please share the message.",high risk,False,211,36,0.8201
Shitty Photoshop (part 11) Hello there.  Do you have a shitty idea that you want to get photoshopped (shittilly of course).  Well do I have news for you.  I will do my best (I am legally obliged to say I wont try my best) to photoshop your ideas.  Now streaming on nowhere.,no risk,False,273,52,-0.5526
"I don't know if I can last 900 days alone.(I'm not suicidal and I haven't been having suicidal thoughts, but I don't know where else to put this.)


Every moment of my life is spent thinking about how alone I am. I'd do anything to have someone to cuddle up with and just spend time with, but there's a few big obstacles in my way. I'm in high school, I have no social skills and am incredibly introverted, and I'm into BDSM. I can't be in a relationship with someone who isn't also kinky, but I'm not in much of a position to be picky. Even ignoring that, I still have no way to find a partner. 


I see a therapist every few weeks on my own dime during school to keep me from going crazy with loneliness, but the session+cab cost is getting to be too much to handle. It's damn good that I'm already taking Prozac for unrelated reasons, or else I can't imagine how depressed I'd be right now.


I won't be depressed in 900 days or so. I'm counting down the days until I'm 18, because I know that that's when I'll start to be happy again. When I'm 18 I can try meeting people on dating sites, I can go to BDSM munches (meetups), and I can fully explore my sexuality. But I don't know if I can last three years. At the very least, I know I can't last three years alone.",low risk,False,1268,248,-0.7433
"Can't do it anymore.I'm an alcoholic worthless piece of shit and a burden to everyone. I simply can't do it anymore. I want to be done with it all, but the thought of actually killing myself is terrifying. I don't know what I'm even trying to say here other than I have no fucking clue what to do anymore. I just want an easy way out. ",medium risk,False,335,66,-0.9403
Iâm a burden and everything hurtsEverything hurts so much but I canât reach out to anyone because Iâll just be a burden. The pain I feel inside is overwhelming,medium risk,False,165,29,-0.9032
"I'd never date, fuck, or even kiss a trans-woman. But I like beating off to trans porn every now and then, nothing wrong or gay about that.",no risk,False,139,27,0.6604
"I am a Male and I have the same rights as my female friends Everyone stop being sexist 
Men to Women,
Women to men
Being sexist is the same to both genders",no risk,False,155,32,0.2263
I'm crying My crush just told me that she hopes i find the perfect girl for myself...,low risk,False,85,17,0.4215
"First person to guess my irl name will gain a follower. Good luck! Pretty much what the title summed up. If you manage to guess my real first name, I will go onto your profile and follow you. If you would like to attempt this by asking me questions to confirm a stereotyped name, you may do so I will answer. Good luck!",no risk,False,319,63,0.96
"Does anyone wanna play the game Among Us? I'm just bored, and am lonely. The lobby is up, and the code is VUJL",low risk,False,110,23,-0.2732
"Being bullied at school, what should i do? There are three persons who are constantly trying to put their fingers in my ass, and i cant live normal bc of that, any help?",no risk,False,169,33,-0.7399
"Stimulus check to fund my deathThe recent economic relief stimulus check has given me enough money to kill myself peacefully and painlessly. Iâm not going to list what method or what items I could buy, for fear of someone using my plan on themselves when they havenât thought it through as much as I have. Iâve been severely depressed and suicidal for 6 years, and suffer from generalized anxiety, social anxiety, and severe social awkwardness and fear of intimacy. Why shouldnât I end it all with the stimulus money?",high risk,False,525,89,-0.9735
"Coming out of my shell sharing this stuff. Help? (Original post on /r/askreddit)Hi, my name is unimportant, and I feel as though I am too. For the last ten plus years it seems as though life has been on a downhill spiral. And as of now, every thing I do seems pointless.
I honestly don't know where to start. I'm constantly depressed, I have nothing in life to look forward to, every time I consulted someone about my issues the only advice I get is, ""You just have to wait. Everything will be better with time"". Hell, for years I've been telling myself that also. But nothing ever ends up ""getting better"". Everything always ends up worse. I mean sure, I get a pat on the back every couple of months, but that isn't enough to give me the will to live. I mean, just as I was driving home today from work I almost had to fight myself not to drive my car into the guard rails along the highway. So if this continues, what's to stop me from actually doing it tomorrow on my way to work?
I'm posting here because I'm out of options for advice. Otherwise, trust me, I wouldn't be posting here. I'm pretty much the type of person who bottles up all of their issues and problems inside. I know it's not good for me, but at least it doesn't make other people worry about me when I know their attention is needed elsewhere or if they already have enough stress on their shoulders.
I've taken medication, doesn't help. I've talking to counselors and doctors, doesn't help. I've talked to my parents and siblings, doesn't help. So please, if there is anyone who understands my issues, lend me a hand, give me some advice, anything...?",low risk,False,1623,301,-0.6095
"Can i donate my organs if i kill myself?I dont know where to post this and ask this question but its related to suicide and i want to die, so i guess it can belong here, right?

If i am an organ donor and i kill myself, will they be able to donate my organs? I searched on google and in my country, your organs can be taken if you die from cardiovascular problemes or neurological things like a brain tumor. 

If i call an ambulance and after that i kill myself with a gun in my head or i slit my throat and the other parts of my body arent hurt by that and the ambulance arrive quick enough, will it be okay? Can they take the organs?",high risk,False,635,129,-0.9888
"I'm feeling suicidal and I don't know what to doI feel alone and like nobody cares about me. I was clean from self harm for over a year before this week. I don't know why, but recently my suicidal thoughts have been stronger than ever and I am scared.",no risk,False,251,49,-0.8537
"I'd like to know what friendship is.I don't know where or how to beginning these words. It's a foreign topic, for the least to me, what it means to have someone in your life. I suppose people or certain people are drawn to each other. What I am about to say I don't say because pity is in my mind. I come from circumstances where I was severely isolated, and in that isolation along what can happen there, you can forget what it is like to be someone. I say it because it's the only thing there is in my story. No fancy things, no joys, just survival. I'd like to know what can be out there, or at least getting to say that I tried to make a difference in my life. Know someone, share our struggles, learn from each other, just being there in the moment. This is a take on hope, no more or less, to know a another side to life.",no risk,False,827,165,0.0155
"Scared of the Acceptance of Pedophilia**Note: I do not hate all pedos, I just hate the ones that think marrying kids is alright. It isn't, it's fucked up. If any pedos consider fantasizing about kids, go to a therapy, no matter what that isn't alright**

Now let me start, a few days ago. I saw a post on r/unpopularopinion on how if you accept the LGBT+C that means you must accept pedophiles for who they are. Now, I disagreed with disgust. In the post, he says this:

""If the child consents to being married with an adult and has no problem being married, there's no chance rape should be okay of course. But both the adult and the child are happy, would that be okay?""

That's scary, that's fucked up. Who in the world thinks this is okay? I'm actually worried that this argument will be used for pedo acceptance. Please tell me this won't happen, I'm paranoid. I'm scared. I fear such thing could happen in the future.

The reason why the LGBT+C is hated was due to fear of acceptance of pedos, that's it. Pedos are the only dominant atheistic reason why the LGBT+C is hated.",no risk,False,1080,198,-0.9579
"What to do..I'm 23 years old, married for going on 4 years now...I have a beautiful 1 year old daughter and from the outside looking in me and my family would seem as though we had it all. My husband has a very high paying job so I get to stay home and take care of my baby...I recently lost my dog of 11 years from natural causes, I was going through something before this happened..but after he died I've been feeling really off...I've been so depressed lately I've been finding that I cry a lot....for no damn reason,literally I wake up in the morning and from the second I open my eyes I'm crying. We bought a puppy a week ago hoping it would help....n if anything it made things a lot worse. My husbands never home because he works so much...so all the responsibility of the baby and pup fall on me..we recently moved from my hometown and this move has made me realize how lonely I really am.. I have no one... A lot of my friends I lost before I got married mostly because my husband didn't get along with a lot of them...I don't have much family so there's really no one to talk to...I know my husband loves me but lately I've been feeling very spiteful towards him...I think it's because I've been so depressed lately and he just kinda wants me or expects me to be ok...he don't really try to help..or comfort me...making me feel like something's really wrong with me...he's happy, always in a good mood...I'm tired of feeling like I'm what's wrong with this family...I have no one to relate to...when I was in high school I attempted suicide quite a few times. Put myself in a coma with pills at one point...it's been years since I've tried to do anything like this...I still have a pretty bad scare on my wrist from attempting suicide years ago...and it's a constant reminder of that dark time in my life...I haven't thought of hurting myself in years...but lately the thoughts are so strong, I feel like I'm just floating through life...numb...not really feeling all the emotions that make life worth living...the only emotion I feel emptiness and sadness ",high risk,False,2067,376,-0.9616
"*sigh* horny post ... I am sorry. I know youâre disappointed. Sometimes though, thereâs just too much cum. Yk?",no risk,False,114,19,-0.5106
"I'm trying to find reasons to not end it, but nothings working.I'm jobless, not over my weird break up with my gf of 2 years, don't have any pets, don't have a good relationship with my family so I don't give a shit about how they'd be affected, and I've isolated myself from anyone that could be a close enough friend. I don't have anyone or anything but I'm also too much of a coward to do anything too violent to myself. I wish I would just get into an accident or someone would just off me. Everything's hopeless.",medium risk,False,517,99,-0.9177
"Please help meI don't even know why I even try anymore. I just feel so hopeless about everything. I can't make any commitments, I can't help my fiancee do anything. I'm not even sure she cares about me anymore. I have no future. I don't know what to do. I just can't continue anymore. Please help me",medium risk,False,299,57,-0.2307
I just want to get drunk tonight but i can't cause I have class in the morning I'm just so hopelessI don't care about anything anymore I can barely do any work. I just don't care enough I would rather be dead ,medium risk,False,209,42,-0.9411
"This place is like Little Lamplight We welcome the youth, ran by the youth, and are the youth.

Once turned too old we are sent to Bigtown, kinda sad really",low risk,False,156,30,0.3462
"A random vent Yknow when like...u just feel sad for some reason. Like just for no reason at all. Like, I have reasons to be sad and I've been sad and depressed about this one thing but like...for some reason tonight it's really bothering me and I'm just like extra depressed despite the fact that literally nothing has happened or changed. Idk...why the hell do I get like this sometimes...",low risk,False,390,70,-0.9392
"Worried about my partner, am I over thinking?As the title states, I'm worried about my partner.

 Over the past few weeks there has been a few concerning comments from him. An expression of helplessness/hopelessness, another about how alone he feels, that he ""has no friends"". Just tonight he expressed how sad he was summer was over and that he wished it could last forever before telling me he was going to miss me.  He is a Teacher, so back to school means seeing me less as our work schedules are quite different. 

I know for a fact that he has had suicidal thoughts in the past, and there has been at least one prior attempt. He's not spoken much on this topic but I have made it clear that I am here for him whenever/where ever. 

Tonight after saying this he was getting some of his things together as he was about to go home saying ""I'll bring different things next time."" This struck me as odd because we spend 90% of our time at my apartment, and these items are almost always here. It felt as though he was ""cleaning up""  so to speak, so I wouldn't have to.

I asked him if he was okay, and vocalized that I was concerned and scared that he might do something. I told him how much he means to me and that I love him more than anything in the world, all of which is true. I made sure he knows I am here for him no matter what and that he can talk to me about anything. He looked me in the eye and said he wasn't planning anything, and that he was okay, but there was a profound sadness in his eyes. 

Before he left he said I could come with him if I was concerned, but I told him I trusted him. I feel like that may have been a mistake, but I feel like I also need to trust him and believe what he says. I feel like I'm over processing but that now seemed like a request for help. 

He called me when he got home to say he loved me and that he was getting into bed, which is a fairly normal routine for us. He promised to text me when he gets up also. 

Am I overreacting here, or do I have validity in my concern? ",medium risk,False,2027,402,0.9853
"i wish for a friend... shouldn't that be simple?I'm sorry if this gets long and boring

My family consists of a dad with anger and stress issues (i live in his house), a very bipolar and aggressive mother, a sister who practically wishes I was dead, and my dog Booker. I live distanced from them and from anybody else, days consist of heading to school, returning to my room, and staying there, occasionally leaving to get food, sometimes having to greet my dad.

For some insight, I'm young but i'm trans, and in Latin America we're still viewed wrong by the general public. That's the general reason why I'm distanced in school, I won't detail further.

Currently it's 6 am, I have one friend in steam and the blizzard app, i'll call him surprising.
surprising and i speak different languages, but we manage to chat with what we know about english.
i've barely heard his voice through voice chat in overwatch, other than that, we only know each other through letters on a screen.

his pc isn't too good, and latin america isn't particularly wealthy, so pretty much all we've played is overwatch.

i bought overwatch about a year ago, and also started the thing about trans. i was not ok with being identified as male, it was hard in real life but online appearances didn't matter... i thought it was a good idea to be myself online, hiding the way i was born, and a good chance to see if people thought i was weird or not.

* i first made friends with a group of guys that were alright. a guy in that group who had a very ironic name managed to prevent me from hurting myself one not-very-stable night. at one point the group began dissolving and some showed more negative sides, i left too.
* i met a somewhat-russian lady through the group while it was still active. we got along pretty well and she even tried to help me out with some troubles i had in my personal life, but eventually she got annoyed and deleted me, though she left a pretty heartwarming post in her tumblr.
* while i was still friends with the russian lady, she presented me to surprising. at the time i still had a couple of friends so i was very hyper, he got to know me because i chatted a lot, and once he built up confidence he chatted too. we helped each other quite a bit. he's a bit soft. we're really close friends for some reason.
* the russian lady also presented me to somebody who i'll call kind. i think she was the most caring friend i've ever had. it's clear my mental state is not the healthiest, and she wasn't only fine with it but also really wanted me to get better, even with the distance i had to maintain being born the way i was. eventually i told her, and she seemed fine with it, although somewhat not okay with me knowing her voice but she didn't know mine.
some things were happening in my personal life and i let myself rely on kind, while i was not doing anything to get better myself, so she deleted me too. i guess grew sick of me, or the russian lady suggested it.
at the time i was feeling horrible and i told her about it, about how i was pretty much alone and i wanted to give up, so maybe she wanted to let me give up.
* by chance, i met somebody who i'll call sou while i was still friends with kind. we got along really well, but again, i'm really dependent on people to lift my self-esteem from underground, and the privacy i kept while she was completely open with me freaked her out, and eventually sou deleted me too.

back to reality

surprising knows about my gender, and after a bit of explaining he seemed wholly fine with it.
but now he's very busy with his studies or so i was told, and overwatch has been getting pretty tiring after many months of playing the same game, there's distance now.

it's starting to sink in.

i'm finally beginning to understand that, no close friends can help me. if i want to get closer to distant friends i'll have to maintain a happy facade if i don't want to be left again. it's happened more times than i can count, in my school, in my family, on the internet... it's all proof

nobody is interested in me, i'm too weird, i have too many issues, friends shouldn't fix them, and i can't alone.
if anyone gets to know me deeply they'll leave disgusted.
my days are just filled with silence. i don't talk to anybody, i don't have any friends online, i won't ever be close to anyone,
chats help but, there's not even that now.

i dont think i want to suffer this silence anymore.
i promised to surprising i was gonna wait until new year to see if... anyone else entered my life by chance?
but i don't think i'm getting any better. there's no way anybody else will show up, let alone stick around
the silence is starting to erase my.. personality? i've been accepting things the way they are, i've always loved spending time with people, but i'm not trying to find more friends online anymore in fear that they would just hurt me... i'm zoning out more, my thoughts are emptier, my arms are more hurt and my diet's disappearing...
it's starting to ruin me

what point is there in changing your appearance to suit your gender when, nobody will even interact with you

i think i wanna see me crumble before showing myself to anybody else

and the side of me that is still foolishly hopeful that somebody will show up is starting to go away too

am i too far gone?... if that's the case, could you confirm it please? at least a word or two? anybody?...",medium risk,False,5403,1012,0.9984
definitely going to end itive lost all hope. i feel played and fucking hopeless. i always fail and come back to this place of wanting to fucking die. im so sick of my life being so up and down i just want someone to love me. is that too much to ask? i will always be alone i guess. he hasnt texted me since he dropped me off so i guess its over it just fucking hurts man like fuck i was so excited this shit always happens to me why cant i get the love i deserve and have been searching for and want so badly? its never going to happen for me so whats the point in going on? i have nothing to live for without him.,medium risk,False,614,129,-0.9186
"Late night thoughts of a lonely girl.Technically, everything should be okay. There isn't really anything wrong in my life. Most of the time I'm actually pretty happy. Or at least I convince myself that I am. I'm not sure if it's real happiness or if it's just me starting to believe my own lies. I'm too proud to ever admit to anyone that I'm actually not feeling too great. If you just look at my facebook page, you'd think I was the happiest, most energetic and life-loving people ever. I constantly make an effort to make sure that everyone around me believes I'm super happy and living the dream, I feel like I need to prove to everyone that I, too, can end up living an amazing life. And sometimes I believe it myself. But then there are times like... right now. Me sitting alone at 1 A.M on a Sunday night, I've been crying completely silently for almost an hour now, listening to Mozart and wondering why I feel so empty and hopeless and so completely alone when I'm really not... there's no reason to feel any of it, and I feel guilty and unappreciative of everything I have. 

I need to be up in 6 hours but I have a feeling I'm not even going to get to bed tonight. I don't want to go to bed. I'm terrified of going to bed, of lying there in the dark, alone in a big double bed, rolling around unable to sleep and just crying, and crying, and crying. Not like it's much different from what I'm doing now, I'm just not in the dark or lying down, but I feel like going to bed would be just that tiny bit worse I'm not sure I can handle at the moment. But what's the point anyway? I would wake up with my eyes totally swollen from crying and would probably end up calling in sick and just sleeping until 1-2 pm and then wallowing in self loathing for wasting the whole day and only damaging myself more. 

I felt so lonely I logged onto a video chat site that I've been frequenting on and off since around May... in hopes that I would see some familiar usernames and faces, in hopes that someone would talk to me. Not necessarily about how crap I feel right now. But just talk. About anything. Every day stuff. Joke around. Needless to say, no-one did and I lurked for a good hour or so, and saw that someone who I had talked to quite a lot for many months in private messages had logged in 5 minutes ago. I messaged him, feeling instantly better because we would talk and I would feel just a little less lonely. He didn't answer, though, I think he logged off before I got to message him. It made me feel even lonelier than before, though it's obviously not his fault. But still... I would've liked for someone to talk to me. Ask me how I am. Come to think of it, I don't remember when someone has last asked me that. It would be nice. Even if I know I would just say ""fine, thanks"", it would still be nice if someone cared enough to just for once ask how I'm doing. Or even if they didn't care and just asked because it's the polite thing to do, because it's just what you're supposed to ask when you talk to someone you haven't talked to in a bit. 

Aaand I know no one will probably ever read this. It's too long and rambly. Strangely, I'm kind of okay with that, because there are people with real problems here that deserve the attention so much more than I do. And besides, I guess I just needed to type out my thoughts, maybe it gave me a little relief. Also, I remembered I have so much booze in the closet. I think I'm going to get completely trashed right now and see where that takes me tonight, it can either be the worst or the best therapy I could ask for. But maybe I can stop crying when I'm too drunk to function. That would be nice. ",medium risk,False,3659,707,-0.9924
"My life is insignificant and I donât see a point in living a below average lifeI donât know where to begin so Iâll just try to explain why my life sucks and why I want to die.

I lost my dad when I was 3 and my mom when I was 7 or 8. Iâve lived in a foster family since I was 3 but they feel like strangers to me. Theyâre always mad about something so I just try to avoid them as much as possible by staying in my room with the door closed. I used to be pretty close with my sister but now I canât stand her and she canât stand me(not in a sibling way, in a more serious way)
I never talked much with my brother so I donât really know him and I barely know the rest of the members in my family. I havenât had a friend in a really long time because I donât know how to make friends and my self esteem is very low. I talk to some people over the internet but itâs just not as good as having real life friends.

Iâm 18 years old and I feel like my best years are behind me. I used to have a good groups of friends but that group slowly fell apart and now Iâm sitting here wishing I could go back to the way things were. Iâm taking some kind of education to get a job that I really donât care about and if I continue living then my life will be below average and I just donât see how it could be worth living who knows how many years if nobody knows or cares about you, I just feel like my life is insignificant and worthless, Iâll never be really good at anything and nobody will ever remember me so whatâs the point?

I was gonna hang myself when I got my own place but since I still live at âhomeâ Iâd rather just buy some pills and take them right before I go to sleep some day this week and hopefully never wake up again",high risk,False,1763,359,0.9841
"constant thoughts regarding commuting suicideDo you ever wish your life was worse so you had a better excuse to kill your self? 
or wish you didnât have a family to disappoint or make sad if you died? 
or think about not taking your medicine to make things bad enough to die? 
 ",high risk,False,280,51,-0.9555
"I want to die even when i feel okay. I just want to end.I've got every opportunity to live, and I don't want it. Even when i feel okay, I still think ""I want to die now.""

I give up. I don't want this opportunity to live. I want to not exist.

And I feel nothing but stupidity, shame, and guilt for it. 

i feel so stupid. i just want it to go away. i'm tired of fighting.
",high risk,False,373,78,-0.8593
"It feels as if dreaming has lost its meaning like there’s no point in reaching for the stars when my own eyes feel too heavy to look up anymore. Love, which is supposed to be warm and freeing has started to feel like a burden on my chest weighing me down instead of lifting me up. The expectations from the people I love people I never want to disappoint , i feel like they’re slowly crushing me as if im being pulled in every direction, trying to be enough for everyone. And underneath it all there’s this constant gnawing fear of losing someone close to me, a fear so strong it feels like its eating me alive before anything has even happened. Its like living under a sky thats always about to fall and I’m just standing there waiting for the impact. And maybe the worst part? Im tired of being kind. Tired of being the unpaid therapist the shoulder for everyone else while deep down I know I dont have anyone to hold me when my own world starts collapsing",medium risk,False,958,181,0.8392
"The Routine of LonelinessIt's Saturday morning. I get out of bed not knowing what day it is or what time it is; the end of school effectively ended the relevancy of those things. I stretch my arms and flex my back before walking into the kitchen and pouring myself a glass of water, still adjusting to the sunlight as it floods the room. Yawning, I clutch the glass and trudge back to my room, closing the door and pulling the shutters to block as much excess light as possible. Within minutes, I have a headset on and I'm shooting digital terrorists while becoming hopelessly enraged with my teammates. This continues for eight hours. I glance at the taskbar and realize I've been on the computer for almost every minute I've been conscious today. I slither out of my chair and get back into bed, slowly drifting off to sleep.

It's Sunday morning. I get out of bed not knowing what day it is or what time it is; the end of school effectively ended the relevancy of those things. I stretch my arms and flex my back before walking into the kitchen and pouring myself a glass of water, still adjusting to the sunlight as it floods the room. Yawning, I clutch the glass and trudge back to my room, closing the door and pulling the shutters to block as much excess light as possible. Within minutes, I have a headset on and I'm shooting digital terrorists while becoming hopelessly enraged with my teammates. This continues for eight hours. I glance at the taskbar and realize I've been on the computer for almost every minute I've been conscious today. I slither out of my chair and get back into bed, slowly drifting off to sleep.

I wake up the next morning and glance at my phone to check the time. I can't recall the last time somebody texted or called me. I chuckle ironically before tossing it in a random direction and waddling towards my computer. 

It is around the third match that I feel a piecing, indescribable pain in my chest. Coincidentally, I had just thought about how happy all of the people I go to school with are; how they laugh as they walk around campus without a care in the world. I try to convince myself that relationships are bullshit, that friends are liabilities, but no matter what I tell myself, the gnawing feeling of loneliness sits in the back of my head, amplified with each passing minute.

The image of the gun locked in my safe flashes in my mind. I ignore it.

I realize I've been AFK for too long. I've nearly lost the match. I curse myself mentally and reflect on how worthless I am before barely edging out a draw and slithering back into bed.

It's Tuesday morning. I get out of bed not knowing what day it is or what time it is.",medium risk,False,2672,491,-0.9748
"I'm confused Do you guys just randomly ask people out without being really good friends with them? For me I asked out my best friend, and that worked.

Maybe just consider friend zoning them before getting together with them? It really helps I think.",no risk,False,250,44,0.9233
"My crush told me about her girlfriend I really liked her for 2 years, she told me about her sexuality and her girlfriend today. I'm very happy for her, a little sad but still happy for her.",low risk,False,189,37,0.8121
"Heartbroken turned alcoholic and drug addict. Ending it tonightI canât do this anymore, life and love is a joke. People only disappoint, no one cares about shit. Iâm gonna leave this hell ",low risk,False,192,32,-0.9391
"lonelyi am so incredibly loney. all i really know is my job, when i go home there is nothing waiting for me, nothing motivates me any more and i am not looking forward to anything.

i have been wanting to end my life for quite a while but i have been overwhelmed by guilt every time i think about it. i feel so sorry for how my parents will react when they learn about my death (i cannot talk to them about things like this, they have never been good at handling emotions). so i have realized that i live basically because of guilt. guilt keeps me alive and i am tired of being sad all the time. i want to end this",high risk,False,614,123,-0.9591
"I don't know who I am anymoreThat's where I'm at right now as I write this. I've been depressed for years now, but the depression this time is different, stronger. I don't really feel down, I just feel empty, drained of everything that was ever considered me. I rarely 'feel' anything anymore, or at least I no longer know how or what to feel. Things I used to enjoy I can no longer stand or no longer get any pleasure out of. I have no motivation to do anything other than sleep and I only do things because I'm obligated to. My personality is gone as well and the feelings I've had for those close to me are no longer there. When I call my dad or mom I feel nothing. I don't feel like myself anymore and I have no idea who I am anymore. I just feel like a ghost crudely occupying and controlling a fleshy shell. I mean, there are times when my legs or my hands don't feel like mine. My cognitive ability is completely shot as well and I can barely remember things more than a day's past. Just typing this is an ordeal, constant spelling mistakes and typos.

On top of all this, I have no one to talk to. I have no friends to talk to. Sure, my Facebook profile says otherwise, but I never talk to any of them online, let alone IRL. I can't even tell my family because I know all they'll do is worry and try to fruitlessly help. I mean, I sometimes go so long without talking to someone that I will forget how to speak properly, even with people I know quite well. I wish I had someone I could talk to on a regular basis, but I've realized this will never happen because I always end driving people away for one reason another, be it my personality and mannerisms, or just because they found something better. Some say a therapist or counselor might help, but they never have for me. 

The problem is myself. I'm physically repulsive. I've seen the way people look at me and the way they behave around me. I mean, who wants to be seen talking to a fat, greasy, pizza faced, creeper-stache monster with a sweat problem? Even if they can get past that outer shell, what they find isn't any better. I'm a dull person. The things that interest me typically don't interest others and vice versa. My personality and interests just aren't compatible with most people. And even with people that share the same interests I usually end up screwing things up by doing something stupid, or something about me drives them away.

And for those that are close to me I feel like an inconvenience. Maybe not so much a burden, but just one of those people where others go, ""Oh, here comes THAT guy again. Quick, let's think of a reason not to hang out with him."" FFS, I even feel this way with complete strangers. When I'm crossing the road, buying groceries, riding the bus, or just simply standing around. I just get this sense that people wish I weren't there. That if I weren't, their day would be 100% better.

I'm also an addict, or rather becoming one. For years I was addicted to sleeping pills and benzos, anything that would knock me out and numb the mental pain. Then I was diagnosed with HPPD and I stopped for awhile. Then I became addicted to benzos again and I started drinking. I managed to kick those for a few months, but now I'm back at it. Every night I find myself drinking or experimenting with some new benzo. 

Anyways I feel like I'm rambling a bit. I guess if anything could stop me from doing what I'm planning on doing, it would be if I could have myself back and someone close to talk to. I want the old me back, the me that had friends and enjoyed things like playing guitar or staying up until 5am to figure out a bug in some code. And I wish I had someone I could talk to about how I feel. Because I don't have someone to talk to, I just keep things in and never let them out and I think I finally broke whatever was inside of me by doing so. Some might say get a therapist, but I've tried in the past and it just doesn't feel genuine enough. I need a friend, not a therapist. Some might also say to call up some old buddies from high school, but again, I feel like I'm such an inconvenience to them. 

Anyways, come Wednesday night (I have some things I need to take care of on Monday and Tuesday, some final preparations) I'll finally be done with this. It's not that I'm in any sort of emotional or psychological pain, it's just that I'm tired of not feeling, tired of feeling like an empty shell. Unless a miracle happens between now and then, there's no stopping me now. I've gathered my materials and made my preparations. I'm just putting this here because I felt like I should at least get these things off my chest.
",medium risk,False,4639,880,-0.4074
"I've been playing Lego Harry Potter years 1-4 every weekend at my mom's house for old time's sake. Currently, I'm halfway through year 3 with 35% completion. I'm hoping to get 100%, but I know that's gonna take a while. REALLY looking forward to obtaining Reducto and a wizard with dark magic as those are the only two abilities I need left to completely explore Hogwarts.  


Wish me luck bois.",no risk,False,395,70,0.9144
"Return to Monkey (a poem by me)     Nicotine floods my cranium
    The damp chill seeps down through my nerves
    I swerve the burdens placed on me
    For living in society.

    Perhaps there's no better outcome
    Returning to monkey might not be
    Quite what its been cracked up to be
    Online, where LEDs drag us 
    Through layers of digital muck and sludge
    And hypnotise us into trust.

    Just how did Mr Caveman feel?
    After a day at mammoths heel
    Returning to his cave to heal
    And 'round his fire spinning yarn 
    With clan and meat to comfort him
    Much better than the lonely one
    Who stares deep into black mirrors
    Missing herself, and yet transfixed
    By evil eyes in lingerie
    Or joyful words from stagnant minds
    Set upon by expectations
    That they can bear the weight they take
    Who eat three meals a day
    Have perfect health
    And regularly kill themselves.

    I suppose we all die anyway
    For what's a life without some death?
    It gives it meaning don't you think
    An end to the story we expect
    Our lives to be, I guess that's just
    What happens to kids raised on movies,
    Where the myth of resolution's real,
    Who spit their revolution schpiel
    But can hardly do a pull up
    Whilst caveman runs for miles and miles
    In search of flesh to feed his child.
    Perhaps a bit of monkeys soul 
    Was coaxed into that blinding screen,
    Self destroyer, depression machine,
    Return to Monkey, human beings!",medium risk,False,1511,246,-0.9341
"I canât stop feeling like Iâm drowning25f MÃ©xico ||

I have always experienced depression and generalized social anxiety. For many years Iâve tried to overcome it but Iâve failed. My parents love me, but they have also hurt me in so many ways. In some ways they have been harmful to me.

This year I planned to finally move away and start new, detaching myself from my past, but COVID changed it all. I stayed at my parents house and little by little my savings ran out.

Every time I had plans to change and overcome this state of sadness, but everything failed. Some weeks my energy levels were so low I could barely leave bed. I always started new plans, always failed them at the end. The thing is that I achieve so much, but never finish the goal itself.

My parents tried to be supportive, but I am aware that loving someone like me is unbearable. My emotions change constantly and Iâm too sensitive to the world. Everything affects me, how people feel/their mood, the bad news are worse for me &amp; Iâm always scared of upsetting them.

I started seeing a new psychiatrist and he gave me antidepressants. However, I started to have panic attacks and anxiety attacks + cry spells daily. He immediately told me to stop the treatment and started to treat me for bipolar disorder. Which did worked and I felt so happy, but with Christmas coming, my birthday and New Years I started to have more crying spells.

The thing is, after every panic/anxiety attack or crying spell my will to live was nonexistent. I have been wanting to die for about 3 weeks. I have tried to fight this off but my mother and I have had bad exchanges lately.

She told me that she is exhausted of having to reassure me constantly that she loves me, she is tired of me needing her hugs or wanting to watch shows with her constantly. I started painting as a hobby and I started buying cute things from miniso to get an aesthetic that I enjoy for me, besides saving to buy music (I have never bought me things before), but she considers it to be immature and told me to stop.

And I donât know, I just feel so much but I donât feel anything at all. I have been giving away and selling my things for a couple of days now and I canât stop. I have been cleaning the house for hours nonstop to just keep it perfect and to remove every single part of me. 

Being mentally ill has always put a wall between my family and me. I have never been the daughter or the sister they want/need and it breaks my heart. I wish I was normal and that I could be what they want/need. My sister has told me how she has never felt she has an older sister, because I canât act like one. 

I donât feel like I have a purpose in my life at all. And Iâm tired of always starting something and never ending it.",low risk,False,2785,522,-0.9912
"TiredIâm 19yr college student, I live in a shitty area in the north east. I feel like online school took out the structure from my life and everything kinda fell apart. Iâve always had issues finding motivation for things but was I guess it was held together by the social norm. Now that no one is seeing me go to class and encouraging me to keep going and trying hard in class everything has crumbled. I feel like a piece of shit because I see stuff that people go through and how strong they stay and what Iâm going through is nothing compared to that but I canât help the feeling. I know how much my family loves me so I can't kill myself but itâs the only thing I think about. All I do is try to distract myself from the impending doom that my life is now inevitably headed towards. I try to distract it with drugs and partying and drinking and I do feel happy sometimes but when it comes down too it all I want to do is just walk off a building and end the menial bullshit that Iâm gonna have to live with for the rest of my life. I donât want to do this anymore. What should I do? I have been contemplating the military but Iâm not sure if that would be off the table if I went to a shrink or some shit. Iâm also scared of the image I might receive if I tell someone how I feel and I donât want to be the black sheep of my family. Seems like no matter where I go the outcome is shitty. Whatever idk what Iâm even looking for at this point. All I have is supportive figures in my life and Iâm sure they would be very supportive but I know how it is to be on the other side of that and I donât want to be that burden. I donât want to keep going Iâm losing any motivation to persevere everyday. I hear and see people going through horrible shit was worse than me and I just feel like a pussy because I can barely handle daily life. Yet when it comes to it I have nothing personally to live for and I feel like shit 24/7. Feel like a doll being held up by strings and the only one left is my family. The expectations set for me are so high that I feel like no matter what I canât reach it. Not sure what Iâm looking for here maybe some advice, maybe being assured Iâm not alone and this pandemic is fucking others too. Iâd like help but Iâm not sure how they could even do that lol since Iâm broke as shit and probably couldnât pay for it. Whatever this is making me feel even worse. Thanks for everything luv u",high risk,False,2457,486,0.1157
"Has anyone else watched death to 2020 on Netflix... Overall I found it to be funny, Although some parts tried too hard",no risk,False,118,22,-0.34
"I'm HopelessI'm FUCKING 17 and don't have any hope on getting a job or living longer than maybe 20.
I'm not made to work any kind of job, mostly because I'm depressed/have an existential crisis or some shit and I don't know what I'm good or bad at.
I'm clueless about myself and my life. Without some therapy and some more years in which I'm going to be a leech on society.

Maybe doing it when I'm alone isn't so bad at all",medium risk,False,424,83,-0.903
"FQI just want to talk to someone to make me feel better I have so many things and they are all up in my head and I i save  them because I don't want to burden people but I'm so sick


I'm sorry I'm really high drunk and I just want to be distracted so I don't take all my pills I'm so sorry I hate myself ",medium risk,False,305,67,-0.9561
"Just a bad dayI'm just having a terrible week here and wanted to talk to some nice people.  My relationship is in trouble, I have no job, no bright future and nobody to talk to.  

Honestly the most hurtful thing is my relationship.  I feel like it's being torn apart by my girlfriend's parents.  We are still young (early twenties) and have very different tracks in life (she goes to a top university while I am a community college student).  Her parents concern is that I will drag their daughter down and they might be right.  We've been dating for two years and I always promised her that I would do something great with my life.  I wanted to be a firefighter and now I want to be a microbiologist.  The problem is that she doesn't see me trying.  And I can agree with her that I haven't been doing that well.  So I don't blame her.  I feel like everything is futile in my life, like nothing matters.  I want to get my shit together, I want to be able to succeed.  But I feel like I can't.  Most of all I'm tired.  I'm tired of trying so fucking hard in a world where nothing matters.

I guess I'm just not as in-tune to our society as everyone else.  I don't need the newest/hottest clothes, I don't need a mansion with servants or a nice shiny sports car.  What I feel like I need is someone who loves me.  I want to help others and do my part to make this world of ours a beautiful place to live in.  I want to be a good husband, son, father, friend and brother.  When did all those desires disappear from the world?  When did we go from ""be a good person"" to ""fuck everyone else I'm out to get mine""?  

I guess I just don't know what I want or where I fit in, thanks for listening.",medium risk,False,1690,327,0.9852
"I'm so fucking tired of feeling worthlessI don't even know what to say. I was browsing some subs (that I know I shouldn't) and my already low self-esteem fell even further. I honestly feel like ending it all. I know my desk is a mess, and I forget to brush my teeth, and I look like a mess. But fuck, does that really make me a worthless person? 

Anyone know any good ways to raise self-esteem? Cuz I'm kinda feeling hopeless right now.",medium risk,False,437,83,-0.8816
"Why Do I Keep Crying?Today started out so well but then it fell apart. I was doing homework, researching about meditation and doing my best. I then just felt horrible and started crying in the shower for about 20 minutes. This has been happening lately.

 Is it because I don't talk about how I feel enough and I bottle it up? Or is it because I keep attempting to suppress my thoughts about myself, about the afterlife and how behind I am at everything?",low risk,False,454,84,-0.4155
Biological betrayalI probably wouldnât be happy if I was a male either I pretty much went on testosterone to stop periods but when the whole voice dropping face shape change happened I sorta freaked Iâm off now but idk I fear my internal organs I fear my uterus and now itâs not long before it begins to start operating again. And itâs been so long since Iâve had to worry about anything like that I really donât wanna start birth control to stop it Iâm just angry and terrified of my body why did God make a consequence of sin for female humans to bleed while Adamâs only consequence was to work? Wouldnât painful childbirth been punish enough itâs just :( I canât really do it anymore the thought of sleeping forever seems a good one. I have no plans at all not in the remote slightest i never really have but this is so tough. I went through a period of time where I genuinely thought I was going so hard my liver might give out and I wasnât mad at it,no risk,False,978,183,-0.9938
Just... Ugh....My mental health is so bad.... Iâd be willing to drink myself unalive on stream cause fuck it. And itâs like... no one fucking cares about me anyway.... I mean there's a slim to none chance I'll ever be able to move out of this abusive household... maybe I'll be happy dead.,no risk,False,293,53,-0.9142
"Hilook, im new to this subreddit, I am not really good at explaining how I feel, whether its on the internet or in real life, I just want to say that I know my problems may not be as big or as stressful. I would like to say thank you for the people who have managed to get through shit that I possibly could not have dealt with as easily, life is so fucking painful, I cannot list all of my problems I wish I could, but I think people might just judge instead of support. Moderators might remove me for some dumb shit, I just need to get this shit out, HS sucks, I really hate being sad, it makes me feel like im being edgy, I dont know if I am, I dont wanna look edge, I dont want to look like a weird kid, people might think im faking, fuck, I have nothing else I can do to express, I cant even fucking cry. My mind is so fucked, so many thoughts r rushing through my brain, fucking help.",low risk,False,890,182,-0.9903
"So does this Subreddit really work?I have debated killing myself for around 3 years now because my life is in complete and utter shambles. My family is a bunch of druggies who probably don't even know what planet they are on right now. I graduated high school but I skipped most of my classes because I got the shit beaten out of me when I came out as gay, so my marks are too low for post-secondary education. My family doesn't care about me and I have no friends due to my repugnant personality, of which I am trying to control, but I can't seem to accept the fact that I am just a shitty human being.

I have an IQ of 156, I can name every country on the planet, as well as its capital, and population. I can speak Mandarin moderately well do to self-teachings. I'm not an idiot by any means, and I am more than deserving to pursue my future in post-secondary. But I can't because I live in a society where your school grades at 18 determine your entire future (I'm almost 22). Even if I waste the time &amp; money to go back and upgrade my school grades, I still won't reach success. Why hire someone who failed on their first time when you can instead hire someone who got it right initially?

Did I mention I'm on the autism spectrum? Yea... as if my deplorable life couldn't get any worse. I'm unsure of my exact condition because I've never seen a psychiatrist, but I suck when it comes to learning in a class setting. So assuming I DO somehow make it into a university, I will most certainly fail due to my unorthodox work ethic. I constantly talk to myself, I am super awkward in social settings, and I cannot learn in a classroom setting. I can only learn when my stomach is full and I'm 3-4 drinks in, on my computer.

I work a job I hate because I am lazy and scared of change. I am severely underpaid but my social Anxiety bars me from growing the balls to quit and seek monetary gain elsewhere. My job itself is 50 cents above minimum wage, so it's not like I'm a hot commodity or anything.

I cut myself for the first time last week. It hurt like hell and no one at my work even noticed the bandages (illustrates how little this planet cares about me). Everything I typed here I explained to a counselor and she concluded I was not a mental health patient. So there, it's settled. I am hopeless and am better off dead. My druggie family &amp; non-existent friends won't miss me.",medium risk,False,2394,454,-0.9908
"How to talk with parents about suicidal thoughts.I don't know if this is the right subreddit to post it but I'll try. I don't want to go into much detail here but I'll make short summary - I've been fighting with depression for past 6/5 years or so. I stared to have suicidal thoughts 3 years ago. At the beginning I didn't want to talk about it with my parents. I have a support in my teachers and friends. But, you know, they can't go with me to the doctor. So I tried to speak with my parents. It took me 3 tries to eventually give up. All of those conversation ended with my mother saying things like ""You'll get us in trouble"" or other nasty things I can't really recall right now. 
I feel like my life stared to slip out of my hands again. My grades lowered, I fell isolated, I feel that I'm a burden to every single person that I've met. What shouls I do? Should I seek help in other places? How can I start a conversation with my parents? Any advice?",medium risk,False,958,187,-0.9646
"Now and then I think of when we were together Like when you said you felt so happy you could die  
Told myself that you were right for me  
But felt so lonely in your company  
But that was love and it's an ache I still remember  
You can get addicted to a certain kind of sadness  
Like resignation to the end, always the end  
So when we found that we could not make sense  
Well, you said that we would still be friends  
But I'll admit that I was glad it was over  
But you didn't have to cut me off  
Make out like it never happened and that we were nothing  
And I don't even need your love  
But you treat me like a stranger and that feels so rough  
No, you didn't have to stoop so low  
Have your friends collect your records  
And then change your number  
I guess that I don't need that though  
Now you're just somebody that I used to know  
Now you're just somebody that I used to know  
Now you're just somebody that I used to know  
Now and then, I think of all the times you screwed me over  
But had me believing it was always something that I'd done  
But I don't wanna live that way  
Reading into every word you say  
You said that you could let it go  
And I wouldn't catch, you hung up on  
Somebody that you used to know  
But you didn't have to cut me off  
Make out like it never happened and that we were nothing  
And I don't even need your love  
But you treat me like a stranger and that feels so rough  
And you didn't have to stoop so low  
Have your friends collect your records  
And then change your number  
I guess that I don't need that though  
Now you're just somebody that I used to know  
Somebody (I used to know)  
Somebody (Now you're just somebody that I used to know)  
Somebody (I used to know)  
Somebody (Now you're just somebody that I used to know)  
Somebody",low risk,False,1810,350,0.992
"i have to repeat globabl history &amp; i wanna die loli WANTED to go to summer school but the people there said i was too ""mentally unstable"" (had a depressive episode for most of the school year) and then REFUSED to let me and now apparently i have to repeat the class. i know this isnt something serious but i'm really contemplating on commiting right now /: it just feels unfair. i'm sick of being depressed and fucking stuff up",low risk,False,431,80,-0.9829
SpiralingIâm so emotionally and mentally drained. Either itâs focusing on school work or my phone. I have nothing in this world. I am so detached from reality and completely lonely. No one has ever wanted to me except for my family. I want to feel so bad but I have nothing. I would let anyone use me at this point. Being in the closet is so tiresome and I would do anything to be normal. I am growing to hate this world more and more. Thoughts of self harm havenât left me. I canât see my therapist for another week and half and I feel like such a joke. I didnât know life could feel this dreadful and solitary. I donât feel OK in my own skin. Just having really terrible thoughts.,low risk,False,694,132,-0.9471
"I think this might be it.Why?
Guess I'm going to jump right in. After years of dealing with depression I think it finally won. I have always told myself and others there's another way out you might not like it but it's there and we'll I stand corrected. I have tryed everything meds, therapy, talking with the few friends I have let ( most I lost and some just draw apart). I have little to no family left vary few friends a wife who my best guess is want to leave me and about everthing else you can think of to bring a guy down. 

How?
Now I'm thinking bullet to the head but that alot of mess! I can't slit my throat tryed (chickened out) but that was years ago so maybe it would work. Hanging sound slow and I can't drowned myself soooo gun it is I guess. I just don't know!

When? 
The mother of all questions!!! I can't seem to set a date I don't know why if I could just pick a date it would all end the pain and sad the over all feeling of being a burden of life. But I keep telling myself just hold out you'll figure something out and then one more shit storm comes my way.    So when?",medium risk,False,1094,219,-0.9239
"Thinking about how theyâre was this one kid with long blonde hair in elementary school and everyone called him Fabio First of all, how do all these little kids know who Fabio is?? Second of all, he looked nothing like Fabio. He was like 9 years old.",no risk,False,251,47,0.1901
"JESUS CAN HELP YOU I PROMISE!!!As a kid, I used to love playing video games and my passion and the fun i got out of them just went away more and more until i felt nothing. It was just an escape for me and i had stayed my visit. I felt like the weight of the world was on my shoulders and like i would never be enough for my family. After moving away from all of my friends i started getting more and more depressed. I beat myself and cut and when i couldnt cut at school i would use a rubber band to snap at my wrists in the bathroom. I had no idea where my life was going or what i was supposed to do to get out of this. I was so depressed i couldnt even get out of bed. So, one day i was scrolling through YouTube and saw a video about this guy talking about Jesus to people on the street and what He could do for them and how He could tranform their lives and i said to myself mehhhh idk man thats just silly. I couldn't admit to myself at that point but i actually loved the pain. It was like it felt good to be depressed, like it was the one thing i could own and it was mine. But i got to watching more and more videos and one day i said what the heck, ill ya a try God. Since then God has changed my life day by day and Hes given me back my childlike excitement and enjoyment of life. He took away my depression and i literally feel like a person. You might not believe He can do those things, and thats okay, but im asking you to just take a chance like i did. I promise you Jesus will transform your life. But, why? Why would He do that? Because, He loves you. He loves you so, so much He died for you on cross so you could be forgiven and wouldnt have to feel that way and you could have a relationship with God. All you have to do to recieve Jesus is confess your sins, turn from them, and ask God to come into your life. And maybe you don't believe in God, but please at least take a chance on Him. Ask Him to reveal himself to you in your life and show you some sign or feeling that He is there and if you believe He will do so I promise you He will God is a good God and He loves you very very much! If you want to ask God for forgiveness and healing please say these prayers and even if you don't believe in God or it feels silly please give God a chance! Just fold your hands, bow your head and say these words: 

Prayer for forigveness - Dear Lord, I admit that I am a sinner. I have done many things that donât please you. I have lived my life for myself only. I am sorry, and IÂ repent. I ask you to forgive me. I believe that youÂ died on the cross for me, to save me. You did what I could not do for myself. I come to you now and ask you to take control of my life; I give it to you. From this day forward, help me to live every day for you and in a way thatÂ pleases you. I love you, Lord, and I thank you that I will spend all eternity with
you. Amen.

Prayer for God to give you peace - Heavenly Father, I am in need of Your strength right now. Itâs a very tough time for me, and I donât know if I could go on any further. Problem after problem is attacking me from all directions. I can no longer depend on my own power to overcome these challenges. They have become too much for me. Which is why Iâm coming to You today. Father God, I trust that You are in control of my life at all times. Calm my heart, God, and keep it away from the spirit of fear and anxiety. You are the only one who can comfort me now. Surround me with Your peace that surpasses all understanding. Raise me up in Your victorious right hand. Walk with me through these challenges that I am going through. Grant me Your strength, God, that I may not give up even if the going gets tough. Help me, God, to focus on You and not on my problems. I know that You, God, are bigger than all of those problems combined. If I put my trust in You, I will never be disappointed. If I wait on You, I will never grow weary. Enable me, God, to have patience and to fully depend on You for strength, that I may soar on wings like eagles. And now, God, I surrender to you my heavy burdens: the challenges, the problems, the obstacles in my life right now. Take them, God, and carry them. Whenever You are with me, I know that I donât have to bear the load alone. Likewise, I surrender the outcomes of my challenges to You, Father. Only You are in control of what will happen next. As I face those giants, help me to make the right decisions. Grant me peace of mind too as I leave the results up to You. As each problem is solved and each obstacle is hurdled, grant me rest, Father God. Allow me to recover after these tough days. Enable me to enjoy Your presence afterwards, as well as the presence of the people I am within this journey called life. All these I ask in Your Name, Amen.

I pray that you will find God and He will change your life like He did mine. Never forget what He did for you and how much HE LOVES YOU!!â¤ðâï¸",medium risk,False,4929,1006,0.9996
